Fecha/Hora,Timestamp (s),Luces (Wh),A/C (Wh),Riego (Wh),Puerta (Wh),Ascensor (Wh),Total (Wh)
2025-11-17 1:31:16,10,0.0000,0.0000,0.0000,0.0000,0.2778,0.2778
2025-11-17 1:31:27,20,0.0252,0.0000,0.0000,0.0000,0.2778,0.3030
2025-11-17 1:31:37,31,0.0069,0.0000,0.0000,0.0000,0.2778,0.2847
2025-11-17 1:31:47,41,0.0103,0.0000,0.0000,0.0000,0.2778,0.2881
2025-11-17 1:31:57,51,0.0247,0.0000,0.0000,0.0000,0.0000,0.0247
2025-11-17 1:32:08,62,0.0085,0.0000,0.0000,0.0000,0.2778,0.2863
2025-11-17 1:32:18,72,0.0086,0.0000,0.0000,0.0000,0.2778,0.2864
2025-11-17 1:32:28,82,0.0085,0.0000,0.0000,0.0000,0.2778,0.2863
2025-11-17 1:32:38,92,0.0085,0.0000,0.0000,0.0000,0.2778,0.2863
2025-11-17 1:32:48,102,0.0085,0.0000,0.0000,0.0000,0.2778,0.2863
2025-11-17 1:32:59,113,0.0017,0.0000,0.0000,0.0000,0.2778,0.2794
2025-11-17 1:33:12,126,0.0410,0.0000,0.0000,0.0000,0.0000,0.0410
2025-11-17 1:33:23,137,0.0085,0.0000,0.0000,0.0000,0.0000,0.0085
2025-11-17 1:33:33,147,0.0085,0.0000,0.0000,0.9029,0.2778,1.1892
2025-11-17 1:33:44,158,0.0085,0.0000,0.0000,0.0000,0.2778,0.2863
2025-11-17 1:33:54,168,0.0034,0.0000,0.0000,0.0000,0.2778,0.2812
2025-11-17 1:34:04,178,0.0299,0.0000,0.0000,0.0794,0.2778,0.3871
2025-11-17 1:34:15,189,0.0085,0.0000,0.0000,0.0000,0.2778,0.2863
2025-11-17 1:34:26,199,0.0000,0.0000,0.0000,0.0000,0.2778,0.2778
2025-11-17 1:34:36,209,0.0085,0.0000,0.0000,0.0000,0.2778,0.2863
2025-11-17 1:34:46,219,0.0085,0.0000,0.0000,0.0000,0.2778,0.2863
2025-11-17 1:34:56,230,0.0085,0.0000,0.0000,0.0000,0.2778,0.2863
2025-11-17 1:35:06,240,0.0085,0.0000,0.0000,0.0000,0.2778,0.2863
2025-11-17 1:35:22,256,0.0000,0.0000,0.0000,0.0000,0.2778,0.2778
2025-11-17 1:35:33,266,0.0085,0.0000,0.0000,0.0000,0.0000,0.0085
2025-11-17 1:35:42,277,0.0017,0.0000,0.0000,0.0000,0.0000,0.0017
2025-11-17 1:35:53,287,0.0291,0.0000,0.0000,0.1158,0.0000,0.1449
2025-11-17 1:36:04,298,0.0000,0.0000,0.0000,0.0000,0.2778,0.2778
2025-11-17 1:36:14,308,0.0052,0.0000,0.0000,0.0000,0.2778,0.2830
2025-11-17 1:36:24,318,0.0176,0.0000,0.0000,0.0474,0.0000,0.0650
2025-11-17 1:36:36,328,0.0085,0.0000,0.0000,0.0000,0.2778,0.2863
2025-11-17 1:36:44,338,0.0085,0.0000,0.0000,0.0000,0.0000,0.0085
2025-11-17 1:36:55,348,0.0085,0.0000,0.0000,0.0000,0.2778,0.2863
2025-11-17 1:37:04,358,0.0085,0.0000,0.0000,0.0000,0.2778,0.2863
2025-11-17 1:37:15,369,0.0000,0.0000,0.0000,0.0000,0.2778,0.2778
2025-11-17 1:37:26,379,0.0085,0.0000,0.0000,0.0000,0.2778,0.2863
2025-11-17 1:37:36,390,0.0085,0.0000,0.0000,0.0000,0.2778,0.2863
2025-11-17 1:37:47,400,0.0000,0.0000,0.0000,0.0000,0.2778,0.2778
2025-11-17 1:37:56,410,0.0085,0.0000,0.0000,0.0000,0.0000,0.0085
2025-11-17 1:38:07,421,0.0000,0.0000,0.0000,0.0000,0.2778,0.2778
2025-11-17 1:38:17,431,0.0085,0.0000,0.0000,0.0000,0.2778,0.2863
2025-11-17 1:38:28,442,0.0085,0.0000,0.0000,0.0000,0.0000,0.0085
2025-11-17 1:38:38,452,0.0085,0.0000,0.0000,0.0000,0.2778,0.2863
2025-11-17 1:39:16,490,0.0000,0.0000,0.0000,0.0000,0.2778,0.2778
2025-11-17 1:39:26,500,0.0085,0.0000,0.0000,0.0000,0.2778,0.2863
2025-11-17 1:39:37,511,0.0085,0.0000,0.0000,0.0000,0.0000,0.0085
2025-11-17 1:39:47,521,0.0085,0.0000,0.0000,0.0000,0.2778,0.2863
2025-11-17 1:40:14,547,0.0000,0.0000,0.0000,0.0000,0.2778,0.2778
2025-11-17 1:40:23,557,0.0000,0.0000,0.0000,0.0000,0.2778,0.2778
2025-11-17 1:40:33,567,0.0085,0.0000,0.0000,0.0000,0.2778,0.2863
2025-11-17 1:40:43,577,0.0085,0.0000,0.0000,0.0000,0.0000,0.0085
2025-11-17 1:40:54,588,0.0000,0.0000,0.0000,0.0000,0.2778,0.2778
2025-11-17 1:41:04,598,0.0000,0.0000,0.0000,0.0000,0.2778,0.2778
2025-11-17 1:41:14,608,0.0085,0.0000,0.0000,0.0000,0.2778,0.2863
2025-11-17 1:41:25,618,0.0085,0.0000,0.0000,0.0000,0.0000,0.0085
2025-11-17 1:41:35,629,0.0085,0.0000,0.0000,0.0000,0.2778,0.2863
2025-11-17 1:41:45,639,0.0085,0.0000,0.0000,0.0000,0.2778,0.2863
2025-11-17 1:41:55,649,0.0085,0.0000,0.0000,0.0000,0.0000,0.0085
2025-11-17 1:42:05,659,0.0085,0.0000,0.0000,0.0000,0.2778,0.2863
2025-11-17 1:42:16,669,0.0085,0.0000,0.0000,0.0000,0.2778,0.2863
2025-11-17 1:42:25,679,0.0085,0.0000,0.0000,0.0000,0.2778,0.2863
2025-11-17 1:42:36,690,0.0085,0.0000,0.0000,0.0000,0.0000,0.0085
2025-11-17 1:42:46,700,0.0085,0.0000,0.0000,0.0000,0.2778,0.2863
2025-11-17 1:42:57,711,0.0085,0.0000,0.0000,0.0000,0.2778,0.2863
2025-11-17 1:43:07,721,0.0085,0.0000,0.0000,0.0000,0.0000,0.0085
2025-11-17 1:43:18,731,0.0085,0.0000,0.0000,0.0000,0.0000,0.0085
2025-11-17 1:43:28,742,0.0085,0.0000,0.0000,0.0000,0.0000,0.0085
2025-11-17 1:43:39,752,0.0051,0.0000,0.0000,0.0000,0.2778,0.2829
2025-11-17 1:43:49,763,0.0224,0.0000,0.0000,0.0000,0.0000,0.0224
2025-11-17 1:43:59,773,0.0000,0.0000,0.0000,0.0000,0.2778,0.2778
2025-11-17 1:44:10,783,0.0000,0.0000,0.0000,0.0000,0.2778,0.2778
2025-11-17 1:44:20,794,0.0178,0.0000,0.0000,0.0000,0.2778,0.2956
2025-11-17 1:44:30,804,0.0017,0.0000,0.0000,0.0000,0.2778,0.2794
2025-11-17 1:44:40,814,0.0173,0.0000,0.0000,0.0000,0.0000,0.0173
2025-11-17 1:44:51,824,0.0000,0.0000,0.0000,0.0000,0.2778,0.2778
2025-11-17 1:45:01,835,0.0085,0.0000,0.0000,0.0000,0.2778,0.2863
2025-11-17 1:45:46,13,0.0068,0.0000,0.0000,0.0000,0.0000,0.0068
2025-11-17 1:47:42,10,0.0000,0.0000,0.0000,0.0000,0.2778,0.2778
2025-11-17 1:48:23,17,0.0205,0.0000,0.0000,0.0000,0.0000,0.0205
2025-11-17 1:48:33,28,0.0051,0.0000,0.0000,0.0000,0.2778,0.2829
2025-11-17 1:48:43,38,0.0215,0.0000,0.0000,0.0000,0.2778,0.2993
2025-11-17 1:48:54,48,0.0085,0.0000,0.0000,0.2633,0.0000,0.2718
2025-11-17 1:49:03,58,0.0085,0.0000,0.0000,0.0000,0.2778,0.2863
2025-11-17 1:49:13,68,0.0085,0.0000,0.0000,0.0000,0.2778,0.2863
2025-11-17 1:49:25,78,0.0085,0.0000,0.0000,0.0000,0.0000,0.0085
2025-11-17 1:49:34,89,0.0085,0.0000,0.0000,0.0000,0.2778,0.2863
2025-11-17 1:49:44,99,0.0085,0.0000,0.0000,0.0000,0.2778,0.2863
2025-11-17 1:49:54,109,0.0000,0.0000,0.0000,0.0000,0.2778,0.2778
2025-11-17 1:50:05,119,0.0085,0.0000,0.0000,0.0000,0.2778,0.2863
2025-11-17 1:50:15,130,0.0085,0.0000,0.0000,0.0000,0.2778,0.2863
2025-11-17 1:50:26,140,0.0085,0.0000,0.0000,0.0000,0.0000,0.0085
2025-11-17 1:50:37,151,0.0017,0.0000,0.0000,0.0000,0.2778,0.2794
2025-11-17 1:50:47,161,0.0085,0.0000,0.0000,0.0000,0.0000,0.0085
2025-11-17 1:50:58,172,0.0085,0.0000,0.0000,0.0000,0.0000,0.0085
2025-11-17 1:51:08,182,0.0085,0.0000,0.0000,0.0000,0.0000,0.0085
2025-11-17 1:51:18,192,0.0000,0.0000,0.0000,0.0000,0.2778,0.2778
2025-11-17 1:51:28,202,0.0382,0.0000,0.0000,0.0000,0.0000,0.0382
2025-11-17 1:51:38,213,0.0017,0.0000,0.0000,0.0000,0.2778,0.2794
2025-11-17 1:51:49,223,0.0085,0.0000,0.0000,1.3594,0.2778,1.6457
2025-11-17 1:51:58,233,0.0085,0.0000,0.0000,0.0000,0.2778,0.2863
2025-11-17 1:52:09,243,0.0085,0.0000,0.0000,0.0000,0.2778,0.2863
2025-11-17 1:52:20,254,0.0085,0.0000,0.0000,0.0000,0.2778,0.2863
2025-11-17 1:52:30,264,0.0000,0.0000,0.0000,0.0000,0.2778,0.2778
2025-11-17 1:52:41,275,0.0085,0.0000,0.0000,0.0000,0.2778,0.2863
2025-11-17 1:52:51,285,0.0085,0.0000,0.0000,0.0000,0.2778,0.2863
2025-11-17 1:53:01,296,0.0085,0.3431,0.0000,0.0000,0.0000,0.3516
2025-11-17 1:53:12,306,0.0085,0.0000,0.0000,0.0000,0.2778,0.2863
2025-11-17 1:53:22,316,0.0085,0.0000,0.0000,0.0000,0.2778,0.2863
2025-11-17 1:53:35,327,0.0085,0.0000,0.0000,0.0000,0.0000,0.0085
2025-11-17 1:53:42,337,0.0000,0.0000,0.0000,0.0000,0.2778,0.2778
2025-11-17 1:53:53,347,0.0085,0.0000,0.0000,0.0000,0.0000,0.0085
2025-11-17 1:54:03,357,0.0085,0.0000,0.0000,0.0000,0.2778,0.2863
2025-11-17 1:54:14,368,0.0085,0.0000,0.0000,0.0000,0.2778,0.2863
2025-11-17 1:54:24,378,0.0085,0.0000,0.0000,0.0000,0.2778,0.2863
2025-11-17 1:54:34,389,0.0085,0.0000,0.0000,1.3289,0.2778,1.6152
2025-11-17 1:54:44,399,0.0000,0.0000,0.0000,0.0000,0.2778,0.2778
2025-11-17 1:54:56,409,0.0236,0.0000,0.0000,0.0000,0.0000,0.0236
2025-11-17 1:55:05,419,0.0000,0.0000,0.0000,0.0000,0.2778,0.2778
2025-11-17 1:55:17,430,0.0000,0.0000,0.0000,0.0000,0.2778,0.2778
2025-11-17 1:55:26,441,0.0523,0.0000,0.0000,0.0000,0.2778,0.3301
2025-11-17 1:55:37,451,0.0085,0.0000,0.0000,0.0000,0.0000,0.0085
2025-11-17 1:55:47,461,0.0085,0.0000,0.0000,0.0000,0.0000,0.0085
2025-11-17 1:55:57,471,0.0085,0.0000,0.0000,0.0000,0.2778,0.2863
2025-11-17 1:56:07,481,0.0085,0.0000,0.0000,0.0000,0.2778,0.2863
2025-11-17 1:56:17,492,0.0017,0.0000,0.0000,0.0000,0.2778,0.2794
2025-11-17 1:56:28,502,0.0170,0.0000,0.0000,0.0000,0.0000,0.0170
2025-11-17 1:56:38,512,0.0085,0.0000,0.0000,0.0000,0.0000,0.0085
2025-11-17 1:56:48,523,0.0085,0.0000,0.0000,0.0000,0.2778,0.2863
2025-11-17 1:57:00,534,0.0085,0.0000,0.0000,0.0000,0.0000,0.0085
2025-11-17 1:57:11,545,0.0085,0.0000,0.0000,0.0000,0.2778,0.2863
2025-11-17 1:57:21,555,0.0085,0.0000,0.0000,0.0000,0.2778,0.2863
2025-11-17 1:57:31,565,0.0085,0.0000,0.0000,0.0000,0.2778,0.2863
2025-11-17 1:57:41,576,0.0085,0.0000,0.0000,0.0000,0.0000,0.0085
2025-11-17 1:57:52,586,0.0085,0.0000,0.0000,0.0000,0.2778,0.2863
2025-11-17 1:58:02,597,0.0085,0.0000,0.0000,0.0000,0.0000,0.0085
2025-11-17 1:58:13,608,0.0000,0.0000,0.0000,0.0000,0.2778,0.2778
2025-11-17 1:58:24,618,0.0085,0.0000,0.0000,0.0000,0.2778,0.2863
2025-11-17 1:58:35,628,0.0085,0.0000,0.0000,0.0000,0.2778,0.2863
2025-11-17 1:58:45,639,0.0085,0.0000,0.0000,0.0000,0.2778,0.2863
2025-11-17 1:58:55,649,0.0085,0.0000,0.0000,0.0000,0.0000,0.0085
2025-11-17 1:59:05,660,0.0085,0.0000,0.0000,0.0000,0.2778,0.2863
2025-11-17 1:59:15,670,0.0000,0.0000,0.0000,0.0000,0.2778,0.2778
2025-11-17 1:59:25,680,0.0085,0.0000,0.0000,0.0000,0.2778,0.2863
2025-11-17 1:59:36,690,0.0085,0.0000,0.0000,0.0000,0.0000,0.0085
2025-11-17 1:59:46,700,0.0085,0.0000,0.0000,0.0000,0.2778,0.2863
2025-11-17 1:59:56,710,0.0085,0.0000,0.0000,0.0000,0.2778,0.2863
2025-11-17 2:00:07,721,0.0085,0.0000,0.0000,0.0000,0.2778,0.2863
2025-11-17 2:00:17,731,0.0103,0.0000,0.0000,0.0000,0.2778,0.2881
2025-11-17 2:00:28,742,0.0000,0.0000,0.0000,0.0000,0.2778,0.2778
2025-11-17 2:00:38,752,0.0085,0.0000,0.0000,0.0000,0.0000,0.0085
2025-11-17 2:00:48,762,0.0085,0.0000,0.0000,0.0000,0.2778,0.2863
2025-11-17 2:00:59,772,0.0085,0.0000,0.0000,0.0000,0.2778,0.2863
2025-11-17 2:01:08,782,0.0085,0.0000,0.0000,0.0000,0.0000,0.0085
2025-11-17 2:01:18,792,0.0000,0.0000,0.0000,0.0000,0.2778,0.2778
2025-11-17 2:01:30,803,0.0085,0.0000,0.0000,0.0000,0.2778,0.2863
2025-11-17 2:01:39,813,0.0085,0.0000,0.0000,0.0000,0.2778,0.2863
2025-11-17 2:01:50,824,0.0085,0.0000,0.0000,0.0000,0.0000,0.0085
2025-11-17 2:02:00,834,0.0018,0.0000,0.0000,0.0000,0.2778,0.2795
2025-11-17 2:02:10,844,0.0085,0.0000,0.0000,0.0000,0.0000,0.0085
2025-11-17 2:02:20,854,0.0085,0.0000,0.0000,0.0000,0.2778,0.2863
2025-11-17 2:02:30,865,0.0085,0.0000,0.0000,0.0000,0.0000,0.0085
2025-11-17 2:02:41,875,0.0085,0.0000,0.0000,0.0000,0.0000,0.0085
2025-11-17 2:02:51,886,0.0085,0.0000,0.0000,0.0000,0.2778,0.2863
2025-11-17 2:03:02,896,0.0085,0.0000,0.0000,0.0000,0.2778,0.2863
2025-11-17 2:03:31,925,0.0018,0.0000,0.0000,0.0000,0.0000,0.0018
2025-11-17 2:03:42,936,0.0085,0.0000,0.0000,0.0000,0.0000,0.0085
2025-11-17 2:03:51,946,0.0085,0.0000,0.0000,0.0000,0.2778,0.2863
2025-11-17 2:04:02,956,0.0085,0.0000,0.0000,0.0000,0.0000,0.0085
2025-11-17 2:04:12,966,0.0085,0.0000,0.0000,0.0000,0.2778,0.2863
2025-11-17 2:04:22,977,0.0085,0.0000,0.0000,0.0000,0.0000,0.0085
2025-11-17 2:04:33,987,0.0085,0.0000,0.0000,0.0000,0.0000,0.0085
2025-11-17 2:04:43,998,0.0085,0.0000,0.0000,0.0000,0.0000,0.0085
2025-11-17 2:04:53,1008,0.0085,0.0000,0.0000,0.0000,0.2778,0.2863
2025-11-17 2:05:03,1018,0.0085,0.0000,0.0000,0.0000,0.2778,0.2863
2025-11-17 2:05:14,1028,0.0085,0.0000,0.0000,0.0000,0.2778,0.2863
2025-11-17 2:05:25,1038,0.0085,0.0000,0.0000,0.0000,0.2778,0.2863
2025-11-17 2:05:35,1049,0.0085,0.0000,0.0000,0.0000,0.2778,0.2863
2025-11-17 2:05:45,1059,0.0085,0.0000,0.0000,0.0000,0.2778,0.2863
2025-11-17 2:05:56,1070,0.0000,0.0000,0.0000,0.0000,0.2778,0.2778
2025-11-17 2:06:06,1081,0.0085,0.0000,0.0000,0.0000,0.2778,0.2863
2025-11-17 2:06:17,1091,0.0017,0.0000,0.0000,0.0000,0.2778,0.2794
2025-11-17 2:06:27,1101,0.0085,0.0000,0.0000,0.0000,0.2778,0.2863
2025-11-17 2:06:38,1112,0.0085,0.0000,0.0000,0.0000,0.2778,0.2863
2025-11-17 2:06:48,1122,0.0000,0.0000,0.0000,0.0000,0.2778,0.2778
2025-11-17 2:06:58,1133,0.0085,0.0000,0.0000,0.0000,0.2778,0.2863
2025-11-17 2:07:09,1143,0.0085,0.0000,0.0000,0.0000,0.2778,0.2863
2025-11-17 2:07:19,1153,0.0085,0.0000,0.0000,0.0000,0.2778,0.2863
2025-11-17 2:07:42,1176,0.0000,0.0000,0.0000,0.0000,0.2778,0.2778
2025-11-17 2:07:52,1186,0.0085,0.0000,0.0000,0.0000,0.2778,0.2863
2025-11-17 2:08:21,1215,0.0018,0.0000,0.0000,0.0000,0.0000,0.0018
2025-11-17 2:08:32,1226,0.0086,0.0000,0.0000,0.0000,0.2778,0.2864
2025-11-17 2:08:42,1236,0.0085,0.0000,0.0000,0.0000,0.2778,0.2863
2025-11-17 2:08:52,1246,0.0085,0.0000,0.0000,0.0000,0.2778,0.2863
2025-11-17 2:09:02,1257,0.0000,0.0000,0.0000,0.0000,0.2778,0.2778
2025-11-17 2:09:13,1267,0.0085,0.0000,0.0000,0.0000,0.0000,0.0085
2025-11-17 2:09:23,1277,0.0085,0.0000,0.0000,0.0000,0.2778,0.2863
2025-11-17 2:09:33,1288,0.0085,0.0000,0.0000,0.0000,0.2778,0.2863
2025-11-17 2:09:44,1298,0.0085,0.0000,0.0000,0.0000,0.0000,0.0085
2025-11-17 2:09:55,1308,0.0085,0.0000,0.0000,0.0000,0.0000,0.0085
2025-11-17 2:10:04,1319,0.0085,0.0000,0.0000,0.0000,0.0000,0.0085
2025-11-17 2:10:14,1329,0.0085,0.0000,0.0000,0.0000,0.0000,0.0085
2025-11-17 2:10:25,1339,0.0085,0.0000,0.0000,0.0000,0.2778,0.2863
2025-11-17 2:10:35,1349,0.0085,0.0000,0.0000,0.0000,0.0000,0.0085
2025-11-17 2:10:45,1359,0.0085,0.0000,0.0000,0.0000,0.0000,0.0085
2025-11-17 2:11:01,1370,0.0085,0.0000,0.0000,0.0000,0.2778,0.2863
2025-11-17 2:11:06,1381,0.0085,0.0000,0.0000,0.0000,0.2778,0.2863
2025-11-17 2:11:17,1391,0.0085,0.0000,0.0000,0.0000,0.2778,0.2863
2025-11-17 2:11:27,1401,0.0000,0.0000,0.0000,0.0000,0.2778,0.2778
2025-11-17 2:11:37,1412,0.0085,0.0000,0.0000,0.0000,0.0000,0.0085
2025-11-17 2:11:48,1422,0.0085,0.0000,0.0000,0.0000,0.2778,0.2863
2025-11-17 2:11:58,1432,0.0017,0.0000,0.0000,0.0000,0.2778,0.2794
2025-11-17 2:12:08,1442,0.0210,0.0000,0.0000,0.0000,0.2778,0.2988
2025-11-17 2:12:18,1452,0.0085,0.0000,0.0000,0.0000,0.0000,0.0085
2025-11-17 2:12:29,1462,0.0085,0.0000,0.0000,0.0000,0.0000,0.0085
2025-11-17 2:12:39,1473,0.0000,0.0000,0.0000,0.0000,0.2778,0.2778
2025-11-17 2:12:50,1484,0.0000,0.0000,0.0000,0.0000,0.2778,0.2778
2025-11-17 2:13:00,1494,0.0085,0.0000,0.0000,0.0000,0.2778,0.2863
2025-11-17 2:13:10,1504,0.0017,0.0000,0.0000,0.0000,0.2778,0.2794
2025-11-17 2:13:20,1514,0.0186,0.0000,0.0000,0.0000,0.0000,0.0186
2025-11-17 2:13:30,1524,0.0085,0.0000,0.0000,0.0000,0.2778,0.2863
2025-11-17 2:13:40,1535,0.0085,0.0000,0.0000,0.0000,0.2778,0.2863
2025-11-17 2:13:51,1545,0.0085,0.0000,0.0000,0.0000,0.0000,0.0085
2025-11-17 2:14:01,1556,0.0085,0.0000,0.0000,0.0000,0.0000,0.0085
2025-11-17 2:14:12,1566,0.0000,0.0000,0.0000,0.0000,0.2778,0.2778
2025-11-17 2:14:22,1577,0.0000,0.0000,0.0000,0.0000,0.2778,0.2778
2025-11-17 2:14:33,1587,0.0000,0.0000,0.0000,0.0000,0.2778,0.2778
2025-11-17 2:14:44,1598,0.0000,0.0000,0.0000,0.0000,0.2778,0.2778
2025-11-17 2:14:54,1608,0.0085,0.0000,0.0000,0.0000,0.0000,0.0085
2025-11-17 2:15:04,1619,0.0085,0.0000,0.0000,0.0000,0.2778,0.2863
2025-11-17 2:15:15,1629,0.0085,0.0000,0.0000,0.0000,0.2778,0.2863
2025-11-17 2:15:25,1639,0.0085,0.0000,0.0000,0.0000,0.2778,0.2863
2025-11-17 2:15:36,1650,0.0085,0.0000,0.0000,0.0000,0.2778,0.2863
2025-11-17 2:15:47,1661,0.0000,0.0000,0.0000,0.0000,0.2778,0.2778
2025-11-17 2:16:00,1671,0.0000,0.0000,0.0000,0.0000,0.2778,0.2778
2025-11-17 2:16:15,1689,0.0000,0.0000,0.0000,0.0000,0.2778,0.2778
2025-11-17 2:16:25,1699,0.0085,0.0000,0.0000,0.0000,0.2778,0.2863
2025-11-17 2:16:57,1731,0.0086,0.0000,0.0000,0.0000,0.0000,0.0086
2025-11-17 2:17:07,1741,0.0085,0.0000,0.0000,0.0000,0.0000,0.0085
2025-11-17 2:17:22,1757,0.0000,0.0000,0.0000,0.0000,0.2778,0.2778
2025-11-17 2:17:33,1767,0.0085,0.0000,0.0000,0.0000,0.2778,0.2863
2025-11-17 2:17:43,1778,0.0000,0.0000,0.0000,0.0000,0.2778,0.2778
2025-11-17 2:17:59,1793,0.0000,0.0000,0.0000,0.0000,0.2778,0.2778
2025-11-17 2:18:09,1804,0.0000,0.0000,0.0000,0.0000,0.2778,0.2778
2025-11-17 2:18:19,1814,0.0085,0.0000,0.0000,0.0000,0.2778,0.2863
2025-11-17 2:18:51,1844,0.0018,0.0000,0.0000,0.0000,0.0000,0.0018
2025-11-17 2:19:01,1855,0.0086,0.0000,0.0000,0.0000,0.2778,0.2864
2025-11-17 2:19:11,1865,0.0000,0.0000,0.0000,0.0000,0.2778,0.2778
2025-11-17 2:19:21,1875,0.0000,0.0000,0.0000,0.0000,0.2778,0.2778
2025-11-17 2:19:36,1890,0.0000,0.0000,0.0000,0.0000,0.2778,0.2778
2025-11-17 2:19:47,1901,0.0000,0.0000,0.0000,0.0000,0.2778,0.2778
2025-11-17 2:19:57,1911,0.0085,0.0000,0.0000,0.0000,0.2778,0.2863
2025-11-17 2:20:08,1922,0.0000,0.0000,0.0000,0.0000,0.2778,0.2778
2025-11-17 2:20:18,1933,0.0085,0.0000,0.0000,0.0000,0.0000,0.0085
2025-11-17 2:20:29,1943,0.0085,0.0000,0.0000,0.0000,0.2778,0.2863
2025-11-17 2:20:39,1954,0.0085,0.0000,0.0000,0.0000,0.2778,0.2863
2025-11-17 2:20:54,1968,0.0086,0.0000,0.0000,0.0000,0.0000,0.0086
2025-11-17 2:21:07,1978,0.0085,0.0000,0.0000,0.0000,0.2778,0.2863
2025-11-17 2:21:14,1988,0.0000,0.0000,0.0000,0.0000,0.2778,0.2778
2025-11-17 2:21:25,1999,0.0085,0.0000,0.0000,0.0000,0.2778,0.2863
2025-11-17 2:21:35,2009,0.0085,0.0000,0.0000,0.0000,0.2778,0.2863
2025-11-17 2:21:46,2020,0.0085,0.0000,0.0000,0.0000,0.2778,0.2863
2025-11-17 2:21:55,2030,0.0000,0.0000,0.0000,0.0000,0.2778,0.2778
2025-11-17 2:22:06,2040,0.0000,0.0000,0.0000,0.0000,0.2778,0.2778
2025-11-17 2:22:17,2051,0.0085,0.0000,0.0000,0.0000,0.2778,0.2863
2025-11-17 2:22:27,2061,0.0085,0.0000,0.0000,0.0000,0.2778,0.2863
2025-11-17 2:22:37,2072,0.0085,0.0000,0.0000,0.0000,0.2778,0.2863
2025-11-17 2:22:47,2082,0.0085,0.0000,0.0000,0.0000,0.2778,0.2863
2025-11-17 2:22:58,2092,0.0000,0.0000,0.0000,0.0000,0.2778,0.2778
2025-11-17 2:23:08,2102,0.0085,0.0000,0.0000,0.0000,0.2778,0.2863
2025-11-17 2:23:18,2112,0.0085,0.0000,0.0000,0.0000,0.0000,0.0085
2025-11-17 2:23:28,2123,0.0000,0.0000,0.0000,0.0000,0.2778,0.2778
2025-11-17 2:23:39,2133,0.0085,0.0000,0.0000,0.0000,0.2778,0.2863
2025-11-17 2:23:49,2143,0.0085,0.0000,0.0000,0.0000,0.2778,0.2863
2025-11-17 2:23:59,2153,0.0085,0.0000,0.0000,0.0000,0.0000,0.0085
2025-11-17 2:24:09,2164,0.0000,0.0000,0.0000,0.0000,0.2778,0.2778
2025-11-17 2:24:19,2174,0.0085,0.0000,0.0000,0.0000,0.2778,0.2863
2025-11-17 2:24:30,2185,0.0085,0.0000,0.0000,0.0000,0.2778,0.2863
2025-11-17 2:24:40,2195,0.0085,0.0000,0.0000,0.0000,0.2778,0.2863
2025-11-17 2:24:53,2205,0.0085,0.0000,0.0000,0.0000,0.2778,0.2863
2025-11-17 2:25:01,2215,0.0000,0.0000,0.0000,0.0000,0.2778,0.2778
2025-11-17 2:25:11,2226,0.0052,0.0000,0.0000,0.0000,0.0000,0.0052
2025-11-17 2:25:22,2236,0.0085,0.0000,0.0000,0.0000,0.2778,0.2863
2025-11-17 2:25:32,2246,0.0085,0.0000,0.0000,0.0000,0.2778,0.2863
2025-11-17 2:25:42,2257,0.0085,0.0000,0.0000,0.0000,0.2778,0.2863
2025-11-17 2:25:53,2267,0.0085,0.0000,0.0000,0.0000,0.0000,0.0085
2025-11-17 2:26:03,2277,0.0085,0.0000,0.0000,0.0000,0.0000,0.0085
2025-11-17 2:26:14,2288,0.0085,0.0000,0.0000,0.0000,0.0000,0.0085
2025-11-17 2:26:24,2298,0.0085,0.0000,0.0000,0.0000,0.2778,0.2863
2025-11-17 2:26:35,2309,0.0085,0.0000,0.0000,0.0000,0.0000,0.0085
2025-11-17 2:26:45,2319,0.0085,0.0000,0.0000,0.0000,0.2778,0.2863
2025-11-17 2:26:57,2330,0.0085,0.0000,0.0000,0.0000,0.2778,0.2863
2025-11-17 2:27:06,2340,0.0085,0.0000,0.0000,0.0000,0.2778,0.2863
2025-11-17 2:27:16,2351,0.0085,0.0000,0.0000,0.0000,0.0000,0.0085
2025-11-17 2:27:27,2361,0.0085,0.0000,0.0000,0.0000,0.2778,0.2863
2025-11-17 2:27:37,2371,0.0085,0.0000,0.0000,0.0000,0.0000,0.0085
2025-11-17 2:27:47,2381,0.0085,0.0000,0.0000,0.0000,0.0000,0.0085
2025-11-17 2:27:57,2392,0.0085,0.0000,0.0000,0.0000,0.2778,0.2863
2025-11-17 2:28:08,2402,0.0085,0.0000,0.0000,0.0000,0.0000,0.0085
2025-11-17 2:28:18,2412,0.0085,0.0000,0.0000,0.0000,0.2778,0.2863
2025-11-17 2:28:30,2423,0.0085,0.0000,0.0000,0.0000,0.2778,0.2863
2025-11-17 2:28:39,2434,0.0085,0.0000,0.0000,0.0000,0.0000,0.0085
2025-11-17 2:28:49,2444,0.0085,0.0000,0.0000,0.0000,0.0000,0.0085
2025-11-17 2:29:00,2454,0.0000,0.0000,0.0000,0.0000,0.2778,0.2778
2025-11-17 2:29:10,2464,0.0085,0.0000,0.0000,0.0000,0.0000,0.0085
2025-11-17 2:29:21,2475,0.0085,0.0000,0.0000,0.0000,0.2778,0.2863
2025-11-17 2:29:31,2485,0.0085,0.0000,0.0000,0.0000,0.2778,0.2863
2025-11-17 2:29:42,2495,0.0085,0.0000,0.0000,0.0000,0.2778,0.2863
2025-11-17 2:29:51,2506,0.0085,0.0000,0.0000,0.0000,0.2778,0.2863
2025-11-17 2:30:02,2516,0.0085,0.0000,0.0000,0.0000,0.2778,0.2863
2025-11-17 2:30:12,2527,0.0085,0.0000,0.0000,0.0000,0.2778,0.2863
2025-11-17 2:30:22,2537,0.0000,0.0000,0.0000,0.0000,0.2778,0.2778
2025-11-17 2:30:33,2547,0.0085,0.0000,0.0000,0.0000,0.2778,0.2863
2025-11-17 2:30:43,2558,0.0085,0.0000,0.0000,0.0000,0.2778,0.2863
2025-11-17 2:30:53,2568,0.0085,0.0000,0.0000,0.0000,0.2778,0.2863
2025-11-17 2:31:03,2578,0.0085,0.0000,0.0000,0.0000,0.2778,0.2863
2025-11-17 2:31:14,2588,0.0085,0.0000,0.0000,0.0000,0.0000,0.0085
2025-11-17 2:31:24,2599,0.0085,0.0000,0.0000,0.0000,0.2778,0.2863
2025-11-17 2:31:35,2609,0.0085,0.0000,0.0000,0.0000,0.0000,0.0085
2025-11-17 2:31:45,2620,0.0085,0.0000,0.0000,0.0000,0.2778,0.2863
2025-11-17 2:31:55,2630,0.0000,0.0000,0.0000,0.0000,0.2778,0.2778
2025-11-17 2:32:06,2640,0.0085,0.0000,0.0000,0.0000,0.2778,0.2863
2025-11-17 2:32:16,2651,0.0085,0.0000,0.0000,0.0000,0.2778,0.2863
2025-11-17 2:32:26,2661,0.0085,0.0000,0.0000,0.0000,0.2778,0.2863
2025-11-17 2:32:37,2671,0.0085,0.0000,0.0000,0.0000,0.2778,0.2863
2025-11-17 2:32:48,2682,0.0000,0.0000,0.0000,0.0000,0.2778,0.2778
2025-11-17 2:33:00,2693,0.0085,0.0000,0.0000,0.0000,0.0000,0.0085
2025-11-17 2:33:09,2703,0.0085,0.0000,0.0000,0.0000,0.0000,0.0085
2025-11-17 2:33:19,2714,0.0085,0.0000,0.0000,0.0000,0.0000,0.0085
2025-11-17 2:33:29,2724,0.0085,0.0000,0.0000,0.0000,0.0000,0.0085
2025-11-17 2:33:40,2734,0.0085,0.0000,0.0000,0.0000,0.0000,0.0085
2025-11-17 2:33:50,2744,0.0085,0.0000,0.0000,0.0000,0.0000,0.0085
2025-11-17 2:34:00,2754,0.0085,0.0000,0.0000,0.0000,0.0000,0.0085
2025-11-17 2:34:28,2782,0.0018,0.0000,0.0000,0.0000,0.0000,0.0018
2025-11-17 2:34:38,2793,0.0085,0.0000,0.0000,0.0000,0.2778,0.2863
2025-11-17 2:34:49,2803,0.0085,0.0000,0.0000,0.0000,0.2778,0.2863
2025-11-17 2:34:59,2814,0.0085,0.0000,0.0000,0.0000,0.0000,0.0085
2025-11-17 2:35:09,2824,0.0085,0.0000,0.0000,0.0000,0.2778,0.2863
2025-11-17 2:35:20,2834,0.0085,0.0000,0.0000,0.0000,0.2778,0.2863
2025-11-17 2:35:30,2844,0.0085,0.0000,0.0000,0.0000,0.2778,0.2863
2025-11-17 2:35:40,2854,0.0085,0.0000,0.0000,0.0000,0.2778,0.2863
2025-11-17 2:35:53,2865,0.0000,0.0000,0.0000,0.0000,0.2778,0.2778
2025-11-17 2:36:01,2875,0.0000,0.0000,0.0000,0.0000,0.2778,0.2778
2025-11-17 2:36:12,2886,0.0085,0.0000,0.0000,0.0000,0.2778,0.2863
2025-11-17 2:36:22,2896,0.0085,0.0000,0.0000,0.0000,0.0000,0.0085
2025-11-17 2:36:35,2906,0.0085,0.0000,0.0000,0.0000,0.0000,0.0085
2025-11-17 2:36:42,2916,0.0085,0.0000,0.0000,0.0000,0.0000,0.0085
2025-11-17 2:36:52,2927,0.0085,0.0000,0.0000,0.0000,0.2778,0.2863
2025-11-17 2:37:03,2937,0.0000,0.0000,0.0000,0.0000,0.2778,0.2778
2025-11-17 2:37:13,2947,0.0085,0.0000,0.0000,0.0000,0.2778,0.2863
2025-11-17 2:37:23,2958,0.0000,0.0000,0.0000,0.0000,0.2778,0.2778
2025-11-17 2:37:34,2968,0.0085,0.0000,0.0000,0.0000,0.2778,0.2863
2025-11-17 2:37:44,2978,0.0085,0.0000,0.0000,0.0000,0.2778,0.2863
2025-11-17 2:37:54,2989,0.0085,0.0000,0.0000,0.0000,0.0000,0.0085
2025-11-17 2:38:04,2999,0.0085,0.0000,0.0000,0.0000,0.0000,0.0085
2025-11-17 2:38:15,3009,0.0085,0.0000,0.0000,0.0000,0.0000,0.0085
2025-11-17 2:38:25,3019,0.0085,0.0000,0.0000,0.0000,0.2778,0.2863
2025-11-17 2:38:35,3029,0.0085,0.0000,0.0000,0.0000,0.2778,0.2863
2025-11-17 2:38:45,3039,0.0085,0.0000,0.0000,0.0000,0.2778,0.2863
2025-11-17 2:38:55,3049,0.0085,0.0000,0.0000,0.0000,0.0000,0.0085
2025-11-17 2:39:05,3059,0.0085,0.0000,0.0000,0.0000,0.0000,0.0085
2025-11-17 2:39:16,3070,0.0000,0.0000,0.0000,0.0000,0.2778,0.2778
2025-11-17 2:39:26,3080,0.0085,0.0000,0.0000,0.0000,0.2778,0.2863
2025-11-17 2:39:36,3090,0.0085,0.0000,0.0000,0.0000,0.2778,0.2863
2025-11-17 2:39:46,3100,0.0085,0.0000,0.0000,0.0000,0.2778,0.2863
2025-11-17 2:39:57,3111,0.0000,0.0000,0.0000,0.0000,0.2778,0.2778
2025-11-17 2:40:07,3121,0.0085,0.0000,0.0000,0.0000,0.2778,0.2863
2025-11-17 2:40:17,3132,0.0085,0.0000,0.0000,0.0000,0.0000,0.0085
2025-11-17 2:40:28,3142,0.0085,0.0000,0.0000,0.0000,0.2778,0.2863
2025-11-17 2:40:38,3152,0.0085,0.0000,0.0000,0.0000,0.2778,0.2863
2025-11-17 2:40:48,3163,0.0085,0.0000,0.0000,0.0000,0.2778,0.2863
2025-11-17 2:40:59,3173,0.0085,0.0000,0.0000,0.0000,0.2778,0.2863
2025-11-17 2:41:09,3184,0.0085,0.0000,0.0000,0.0000,0.2778,0.2863
2025-11-17 2:41:19,3194,0.0085,0.0000,0.0000,0.0000,0.2778,0.2863
2025-11-17 2:41:30,3204,0.0085,0.0000,0.0000,0.0000,0.2778,0.2863
2025-11-17 2:41:40,3215,0.0085,0.0000,0.0000,0.0000,0.2778,0.2863
2025-11-17 2:41:51,3225,0.0085,0.0000,0.0000,0.0000,0.2778,0.2863
2025-11-17 2:42:01,3235,0.0085,0.0000,0.0000,0.0000,0.2778,0.2863
2025-11-17 2:42:11,3245,0.0085,0.0000,0.0000,0.0000,0.2778,0.2863
2025-11-17 2:42:22,3256,0.0085,0.0000,0.0000,0.0000,0.2778,0.2863
2025-11-17 2:42:32,3266,0.0085,0.0000,0.0000,0.0000,0.2778,0.2863
2025-11-17 2:42:42,3276,0.0085,0.0000,0.0000,0.0000,0.0000,0.0085
2025-11-17 2:42:53,3288,0.0000,0.0000,0.0000,0.0000,0.2778,0.2778
2025-11-17 2:43:03,3298,0.0103,0.0000,0.0000,0.0000,0.0000,0.0103
2025-11-17 10:13:09,20,0.0000,0.0000,0.0000,0.0822,0.0000,0.0822
2025-11-17 10:13:19,31,0.0000,0.0000,0.0000,0.0000,0.2778,0.2778
2025-11-17 10:13:30,41,0.0000,0.0000,0.0000,0.0000,0.2778,0.2778
2025-11-17 10:13:41,53,0.0000,0.0000,0.0000,0.0000,0.2778,0.2778
2025-11-17 10:13:52,63,0.0000,0.0000,0.0000,0.0000,0.2778,0.2778
2025-11-17 10:14:02,73,0.0000,0.0000,0.0000,0.0000,0.2778,0.2778
2025-11-17 10:14:12,83,0.0000,0.0000,0.0000,0.0000,0.2778,0.2778
2025-11-17 10:14:22,93,0.0000,0.0000,0.0000,0.0000,0.2778,0.2778
2025-11-17 10:14:32,104,0.0000,0.0000,0.0000,0.6313,0.2778,0.9090
2025-11-17 10:14:43,114,0.0018,0.0000,0.0000,0.0000,0.2778,0.2796
2025-11-17 10:14:54,125,0.0018,0.0000,0.0000,0.1645,0.2778,0.4440
2025-11-17 10:15:05,135,0.0018,0.0000,0.0000,0.0000,0.2778,0.2796
2025-11-17 10:15:14,145,0.0000,1.3711,0.0000,0.0000,0.2778,1.6489
2025-11-17 10:15:35,166,0.0034,0.0000,0.0000,0.0000,0.2778,0.2812
2025-11-17 10:15:55,186,0.0000,0.0000,0.0000,0.0000,0.2778,0.2778
2025-11-17 10:16:06,197,0.0051,0.0000,0.0000,0.0000,0.2778,0.2829
2025-11-17 10:16:16,207,0.0000,0.0000,0.0000,0.0000,0.2778,0.2778
2025-11-17 10:16:27,218,0.0000,19.3836,0.0000,0.0000,0.0000,19.3836
2025-11-17 10:16:38,228,0.0000,0.1772,0.0000,0.0000,0.0000,0.1772
2025-11-17 10:16:48,239,0.0000,0.0000,0.0000,0.0000,0.2778,0.2778
2025-11-17 10:16:58,249,0.0000,0.0000,0.0000,0.0000,0.2778,0.2778
2025-11-17 10:17:14,265,0.0000,0.0000,0.0000,0.0000,0.2778,0.2778
2025-11-17 10:17:25,276,0.0000,0.0000,0.0000,0.0000,0.2778,0.2778
2025-11-17 10:17:42,293,0.0000,0.0000,0.0000,0.0000,0.2778,0.2778
2025-11-17 10:17:52,304,0.0000,0.0000,0.0000,0.0000,0.2778,0.2778
2025-11-17 10:18:03,314,0.0000,0.0000,0.0000,0.0000,0.2778,0.2778
2025-11-17 10:18:35,346,0.0000,0.0000,0.0000,0.0000,0.2778,0.2778
2025-11-17 10:18:47,357,0.0000,0.0000,0.0000,0.0000,0.2778,0.2778
2025-11-17 10:18:56,367,0.0000,0.0000,0.0000,0.0000,0.2778,0.2778
2025-11-17 10:19:06,377,0.0000,0.0000,0.0000,0.0000,0.2778,0.2778
2025-11-17 10:19:16,387,0.0000,0.0000,0.0000,0.0000,0.2778,0.2778
2025-11-17 10:19:27,398,0.0000,0.0000,0.0000,0.0000,0.2778,0.2778
2025-11-17 10:19:37,408,0.0000,0.0000,0.0000,0.0000,0.2778,0.2778
2025-11-17 10:19:48,418,0.0000,0.0000,0.0000,0.0000,0.2778,0.2778
2025-11-17 10:19:58,429,0.0000,0.0000,0.0000,0.0000,0.2778,0.2778
2025-11-17 10:20:07,439,0.0000,0.0000,0.0000,0.0000,0.2778,0.2778
2025-11-17 10:21:03,494,0.0000,0.0000,0.0000,0.0000,0.2778,0.2778
2025-11-17 10:21:13,504,0.0000,0.0000,0.0000,0.0000,0.2778,0.2778
2025-11-17 10:21:50,542,0.0000,0.0000,0.0000,0.0000,0.2778,0.2778
2025-11-17 10:22:01,552,0.0000,0.0000,0.0000,0.0000,0.2778,0.2778
2025-11-17 10:22:12,564,0.0000,0.0000,0.0000,0.0000,0.2778,0.2778
2025-11-17 10:22:23,574,0.0000,0.0000,0.0000,0.0000,0.2778,0.2778
2025-11-17 10:22:33,584,0.0000,0.0000,0.0000,0.0000,0.2778,0.2778
2025-11-17 10:23:49,660,0.0000,0.0000,0.0000,0.0000,0.2778,0.2778
2025-11-17 10:24:00,671,0.0000,0.0000,0.0000,0.0000,0.2778,0.2778
2025-11-17 10:24:13,681,0.0000,0.0000,0.0000,0.0000,0.2778,0.2778
2025-11-17 10:24:21,692,0.0000,0.0000,0.0000,0.0000,0.2778,0.2778
2025-11-17 10:24:41,712,0.0000,0.0000,0.0000,0.0000,0.2778,0.2778
2025-11-17 10:24:51,723,0.0000,0.0000,0.0000,0.0000,0.2778,0.2778
2025-11-17 10:25:01,733,0.0000,0.0000,0.0000,0.0000,0.2778,0.2778
2025-11-17 10:25:12,743,0.0000,0.0000,0.0000,0.0000,0.2778,0.2778
2025-11-17 10:25:33,764,0.0000,0.0000,0.0000,0.0000,0.2778,0.2778
2025-11-17 10:25:43,774,0.0000,0.0000,0.0000,0.0000,0.2778,0.2778
2025-11-17 10:26:34,825,0.0000,0.0000,0.0000,0.0000,0.2778,0.2778
2025-11-17 10:26:45,835,0.0000,0.0000,0.0000,0.0000,0.2778,0.2778
2025-11-17 10:27:22,874,0.0000,0.0000,0.0000,0.0000,0.2778,0.2778
2025-11-17 10:27:32,884,0.0000,0.0000,0.0000,0.0000,0.2778,0.2778
2025-11-17 10:27:43,894,0.0000,0.0000,0.0000,0.0000,0.2778,0.2778
2025-11-17 10:27:53,904,0.0000,0.0000,0.0000,0.0000,0.2778,0.2778
2025-11-17 10:28:03,914,0.0000,0.0000,0.0000,0.0000,0.2778,0.2778
2025-11-17 10:28:18,929,0.0000,0.0000,0.0000,0.0000,0.2778,0.2778
2025-11-17 10:28:28,939,0.0000,0.0000,0.0000,0.0000,0.2778,0.2778
2025-11-17 10:29:22,993,0.0000,0.0000,0.0000,0.0000,0.2778,0.2778
2025-11-17 10:29:32,1003,0.0000,0.0000,0.0000,0.0000,0.2778,0.2778
2025-11-17 10:29:42,1013,0.0000,0.0000,0.0000,0.0000,0.2778,0.2778
2025-11-17 10:29:52,1023,0.0000,0.0000,0.0000,0.0000,0.2778,0.2778
2025-11-17 10:30:02,1033,0.0000,0.0000,0.0000,0.0000,0.2778,0.2778
2025-11-17 10:30:13,1044,0.0000,0.0000,0.0000,0.0000,0.2778,0.2778
2025-11-17 10:30:35,1066,0.0000,0.0000,0.0000,0.0000,0.2778,0.2778
2025-11-17 10:30:45,1076,0.0000,0.0000,0.0000,0.0000,0.2778,0.2778
2025-11-17 10:30:56,1087,0.0000,0.0000,0.0000,0.0000,0.2778,0.2778
2025-11-17 10:31:06,1097,0.0000,0.0000,0.0000,0.0000,0.2778,0.2778
2025-11-17 10:31:27,1118,0.0000,0.0000,0.0000,0.0000,0.2778,0.2778
2025-11-17 10:31:37,1128,0.0000,0.0000,0.0000,0.0000,0.2778,0.2778
2025-11-17 10:31:48,1139,0.0000,0.0000,0.0000,0.0000,0.2778,0.2778
2025-11-17 10:31:58,1149,0.0000,0.0000,0.0000,0.0000,0.2778,0.2778
2025-11-17 10:32:13,1164,0.0000,0.0000,0.0000,0.0000,0.2778,0.2778
2025-11-17 10:32:23,1174,0.0000,0.0000,0.0000,0.0000,0.2778,0.2778
2025-11-17 10:32:34,1185,0.0000,0.0000,0.0000,0.0000,0.2778,0.2778
2025-11-17 10:32:44,1195,0.0000,0.0000,0.0000,0.0000,0.2778,0.2778
2025-11-17 10:32:54,1206,0.0000,0.0000,0.0000,0.0000,0.2778,0.2778
2025-11-17 10:33:05,1216,0.0000,0.0000,0.0000,0.0000,0.2778,0.2778
2025-11-17 10:33:20,1231,0.0000,0.0000,0.0000,0.0000,0.2778,0.2778
2025-11-17 10:33:36,1247,0.0000,0.0000,0.0000,0.0000,0.2778,0.2778
2025-11-17 10:34:04,1275,0.0000,0.0000,0.0000,0.0000,0.2778,0.2778
2025-11-17 10:34:14,1285,0.0000,0.0000,0.0000,0.0000,0.2778,0.2778
2025-11-17 10:34:24,1295,0.0000,0.0000,0.0000,0.0000,0.2778,0.2778
2025-11-17 10:34:34,1306,0.0000,0.0000,0.0000,0.0000,0.2778,0.2778
2025-11-17 10:34:49,1320,0.0000,0.0000,0.0000,0.0000,0.2778,0.2778
2025-11-17 10:35:00,1331,0.0000,0.0000,0.0000,0.0000,0.2778,0.2778
2025-11-17 10:35:16,1348,0.0000,0.0000,0.0000,0.0000,0.2778,0.2778
2025-11-17 10:35:27,1358,0.0000,0.0000,0.0000,0.0000,0.2778,0.2778
2025-11-17 10:35:37,1368,0.0000,0.0000,0.0000,0.0000,0.2778,0.2778
2025-11-17 10:35:47,1378,0.0000,0.0000,0.0000,0.0000,0.2778,0.2778
2025-11-17 10:35:58,1389,0.0000,0.0000,0.0000,0.0000,0.2778,0.2778
2025-11-17 10:36:08,1399,0.0000,0.0000,0.0000,0.0000,0.2778,0.2778
2025-11-17 10:36:18,1409,0.0000,0.0000,0.0000,0.0000,0.2778,0.2778
2025-11-17 10:36:39,1430,0.0000,0.0000,0.0000,0.0000,0.2778,0.2778
2025-11-17 10:36:48,1440,0.0000,0.0000,0.0000,0.0000,0.2778,0.2778
2025-11-17 10:37:10,1462,0.0000,0.0000,0.0000,0.0000,0.2778,0.2778
2025-11-17 10:37:21,1472,0.0000,0.0000,0.0000,0.0000,0.2778,0.2778
2025-11-17 10:37:36,1487,0.0000,0.0000,0.0000,0.0000,0.2778,0.2778
2025-11-17 10:37:47,1498,0.0000,0.0000,0.0000,0.0000,0.2778,0.2778
2025-11-17 10:37:58,1508,0.0000,0.0000,0.0000,0.0000,0.2778,0.2778
2025-11-17 10:38:09,1519,0.0000,0.0000,0.0000,0.0000,0.2778,0.2778
2025-11-17 10:38:18,1529,0.0000,0.0000,0.0000,0.0000,0.2778,0.2778
2025-11-17 10:38:28,1540,0.0000,0.0000,0.0000,0.0000,0.2778,0.2778
2025-11-17 10:38:39,1550,0.0000,0.0000,0.0000,0.0000,0.2778,0.2778
2025-11-17 10:38:49,1561,0.0000,0.0000,0.0000,0.0000,0.2778,0.2778
2025-11-17 10:39:00,1571,0.0000,0.0000,0.0000,0.0000,0.2778,0.2778
2025-11-17 10:39:10,1582,0.0000,0.0000,0.0000,0.0000,0.2778,0.2778
2025-11-17 10:39:42,1613,0.0000,0.0000,0.0000,0.0000,0.2778,0.2778
2025-11-17 10:39:52,1623,0.0000,0.0000,0.0000,0.0000,0.2778,0.2778
2025-11-17 10:40:03,1634,0.0000,0.0000,0.0000,0.0000,0.2778,0.2778
2025-11-17 10:40:18,1650,0.0000,0.0000,0.0000,0.0000,0.2778,0.2778
2025-11-17 10:40:35,1666,0.0000,0.0000,0.0000,0.0000,0.2778,0.2778
2025-11-17 10:40:46,1677,0.0000,0.0000,0.0000,0.0000,0.2778,0.2778
2025-11-17 10:40:55,1687,0.0000,0.0000,0.0000,0.0000,0.2778,0.2778
2025-11-17 10:41:06,1697,0.0000,0.0000,0.0000,0.0000,0.2778,0.2778
2025-11-17 10:41:17,1708,0.0000,0.0000,0.0000,0.0000,0.2778,0.2778
2025-11-17 10:41:32,1723,0.0000,0.0000,0.0000,0.0000,0.2778,0.2778
2025-11-17 10:41:42,1733,0.0000,0.0000,0.0000,0.0000,0.2778,0.2778
2025-11-17 10:41:57,1748,0.0000,0.0000,0.0000,0.0000,0.2778,0.2778
2025-11-17 10:42:07,1759,0.0000,0.0000,0.0000,0.0000,0.2778,0.2778
2025-11-17 10:42:18,1769,0.0000,0.0000,0.0000,0.0000,0.2778,0.2778
2025-11-17 10:42:44,1795,0.0000,0.0000,0.0000,0.0000,0.2778,0.2778
2025-11-17 10:42:54,1805,0.0000,0.0000,0.0000,0.0000,0.2778,0.2778
2025-11-17 10:43:04,1816,0.0000,0.0000,0.0000,0.0000,0.2778,0.2778
2025-11-17 10:43:14,1826,0.0000,0.0000,0.0000,0.0000,0.2778,0.2778
2025-11-17 10:43:25,1836,0.0000,0.0000,0.0000,0.0000,0.2778,0.2778
2025-11-17 10:43:35,1846,0.0000,0.0000,0.0000,0.0000,0.2778,0.2778
2025-11-17 10:43:45,1856,0.0000,0.0000,0.0000,0.0000,0.2778,0.2778
2025-11-17 10:43:55,1866,0.0000,0.0000,0.0000,0.0000,0.2778,0.2778
2025-11-17 10:44:08,1877,0.0000,0.0000,0.0000,0.0000,0.2778,0.2778
2025-11-17 10:44:17,1887,0.0000,0.0000,0.0000,0.0000,0.2778,0.2778
2025-11-17 10:44:37,1909,0.0000,0.0000,0.0000,0.0000,0.2778,0.2778
2025-11-17 10:45:20,1951,0.0000,0.0000,0.0000,0.0000,0.2778,0.2778
2025-11-17 10:45:31,1962,0.0000,0.0000,0.0000,0.0000,0.2778,0.2778
2025-11-17 10:45:40,1972,0.0000,0.0000,0.0000,0.0000,0.2778,0.2778
2025-11-17 10:45:52,1982,0.0000,0.0000,0.0000,0.0000,0.2778,0.2778
2025-11-17 10:46:02,1993,0.0000,0.0000,0.0000,0.0000,0.2778,0.2778
2025-11-17 10:46:12,2003,0.0000,0.0000,0.0000,0.0000,0.2778,0.2778
2025-11-17 10:46:22,2013,0.0000,0.0000,0.0000,0.0000,0.2778,0.2778
2025-11-17 10:46:33,2024,0.0000,0.0000,0.0000,0.0000,0.2778,0.2778
2025-11-17 10:46:43,2034,0.0000,0.0000,0.0000,0.0000,0.2778,0.2778
2025-11-17 10:47:00,2052,0.0000,0.0000,0.0000,0.0000,0.2778,0.2778
2025-11-17 10:47:11,2063,0.0000,0.0000,0.0000,0.0000,0.2778,0.2778
2025-11-17 10:47:28,2079,0.0000,0.0000,0.0000,0.0000,0.2778,0.2778
2025-11-17 10:47:39,2089,0.0000,0.0000,0.0000,0.0000,0.2778,0.2778
2025-11-17 10:47:48,2100,0.0000,0.0000,0.0000,0.0000,0.2778,0.2778
2025-11-17 10:47:59,2110,0.0000,0.0000,0.0000,0.0000,0.2778,0.2778
2025-11-17 10:48:15,2125,0.0000,0.0000,0.0000,0.0000,0.2778,0.2778
2025-11-17 10:48:25,2135,0.0000,0.0000,0.0000,0.0000,0.2778,0.2778
2025-11-17 10:48:34,2145,0.0000,0.0000,0.0000,0.0000,0.2778,0.2778
2025-11-17 10:48:50,2162,0.0000,0.0000,0.0000,0.0000,0.2778,0.2778
2025-11-17 10:49:07,2178,0.0000,0.0000,0.0000,0.0000,0.2778,0.2778
2025-11-17 10:49:17,2188,0.0000,0.0000,0.0000,0.0000,0.2778,0.2778
2025-11-17 10:49:28,2199,0.0000,0.0000,0.0000,0.0000,0.2778,0.2778
2025-11-17 10:49:38,2209,0.0000,0.0000,0.0000,0.0000,0.2778,0.2778
2025-11-17 10:49:50,2219,0.0000,0.0000,0.0000,0.0000,0.2778,0.2778
2025-11-17 10:49:58,2229,0.0000,0.0000,0.0000,0.0000,0.2778,0.2778
2025-11-17 10:50:09,2240,0.0000,0.0000,0.0000,0.0000,0.2778,0.2778
2025-11-17 10:50:19,2250,0.0000,0.0000,0.0000,0.0000,0.2778,0.2778
2025-11-17 10:50:29,2260,0.0000,0.0000,0.0000,0.0000,0.2778,0.2778
2025-11-17 10:50:40,2271,0.0000,0.0000,0.0000,0.0000,0.2778,0.2778
2025-11-17 10:50:50,2281,0.0000,0.0000,0.0000,0.0000,0.2778,0.2778
2025-11-17 10:51:01,2292,0.0000,0.0000,0.0000,0.0000,0.2778,0.2778
2025-11-17 10:51:11,2302,0.0000,0.0000,0.0000,0.0000,0.2778,0.2778
2025-11-17 10:51:26,2317,0.0000,0.0000,0.0000,0.0000,0.2778,0.2778
2025-11-17 10:51:37,2328,0.0000,0.0000,0.0000,0.0000,0.2778,0.2778
2025-11-17 10:51:48,2339,0.0000,0.0000,0.0000,0.0000,0.2778,0.2778
2025-11-17 10:51:58,2349,0.0000,0.0000,0.0000,0.0000,0.2778,0.2778
2025-11-17 10:52:09,2360,0.0000,0.0000,0.0000,0.0000,0.2778,0.2778
2025-11-17 10:52:20,2371,0.0000,0.0000,0.0000,0.0000,0.2778,0.2778
2025-11-17 10:52:30,2381,0.0000,0.0000,0.0000,0.0000,0.2778,0.2778
2025-11-17 10:52:41,2391,0.0000,0.0000,0.0000,0.0000,0.2778,0.2778
2025-11-17 10:52:50,2402,0.0000,0.0000,0.0000,0.0000,0.2778,0.2778
2025-11-17 10:53:01,2412,0.0000,0.0000,0.0000,0.0000,0.2778,0.2778
2025-11-17 10:53:11,2422,0.0000,0.0000,0.0000,0.0000,0.2778,0.2778
2025-11-17 10:53:21,2433,0.0000,0.0000,0.0000,0.0000,0.2778,0.2778
2025-11-17 10:53:44,2455,0.0000,0.0000,0.0000,0.0000,0.2778,0.2778
2025-11-17 10:53:54,2465,0.0000,0.0000,0.0000,0.0000,0.2778,0.2778
2025-11-17 10:54:09,2480,0.0000,0.0000,0.0000,0.0000,0.2778,0.2778
2025-11-17 10:54:20,2491,0.0000,0.0000,0.0000,0.0000,0.2778,0.2778
2025-11-17 10:54:30,2501,0.0000,0.0000,0.0000,0.0000,0.2778,0.2778
2025-11-17 10:54:40,2512,0.0000,0.0000,0.0000,0.0000,0.2778,0.2778
2025-11-17 10:54:51,2522,0.0000,0.0000,0.0000,0.0000,0.2778,0.2778
2025-11-17 10:55:01,2532,0.0000,0.0000,0.0000,0.0000,0.2778,0.2778
2025-11-17 10:55:22,2553,0.0000,0.0000,0.0000,0.0000,0.2778,0.2778
2025-11-17 10:55:32,2564,0.0000,0.0000,0.0000,0.0000,0.2778,0.2778
2025-11-17 10:55:43,2574,0.0000,0.0000,0.0000,0.0000,0.2778,0.2778
2025-11-17 10:55:53,2584,0.0000,0.0000,0.0000,0.0000,0.2778,0.2778
2025-11-17 10:56:26,2617,0.0000,0.0000,0.0000,0.0000,0.2778,0.2778
2025-11-17 10:56:36,2627,0.0000,0.0000,0.0000,0.0000,0.2778,0.2778
2025-11-17 10:56:47,2638,0.0000,0.0000,0.0000,0.0000,0.2778,0.2778
2025-11-17 10:56:57,2648,0.0000,0.0000,0.0000,0.0000,0.2778,0.2778
2025-11-17 10:57:08,2659,0.0000,0.0000,0.0000,0.0000,0.2778,0.2778
2025-11-17 10:57:17,2669,0.0052,0.0000,0.0000,0.0000,0.0000,0.0052
2025-11-17 10:57:28,2679,0.0119,0.0000,0.0000,21.2439,0.2778,21.5336
2025-11-17 10:57:49,2701,0.0000,0.0000,0.0000,0.0000,0.2778,0.2778
2025-11-17 10:58:00,2711,0.0000,0.0000,0.0000,0.0000,0.2778,0.2778
2025-11-17 10:58:20,2731,0.0000,0.0000,0.0000,0.0000,0.2778,0.2778
2025-11-17 10:58:30,2742,0.0000,0.0000,0.0000,0.0000,0.2778,0.2778
2025-11-17 10:58:40,2752,0.0000,0.0000,0.0000,0.0000,0.2778,0.2778
2025-11-17 10:58:50,2762,0.0000,0.0000,0.0000,0.0000,0.2778,0.2778
2025-11-17 10:59:01,2772,0.0000,0.0000,0.0000,0.0000,0.2778,0.2778
2025-11-17 10:59:11,2782,0.0000,0.0000,0.0000,0.0000,0.2778,0.2778
2025-11-17 10:59:21,2792,0.0000,0.0000,0.0000,0.0000,0.2778,0.2778
2025-11-17 10:59:42,2813,0.0000,0.0000,0.0000,0.0000,0.2778,0.2778
2025-11-17 10:59:52,2824,0.0000,0.0000,0.0000,0.0000,0.2778,0.2778
2025-11-17 11:00:03,2834,0.0000,0.0000,0.0000,0.0000,0.2778,0.2778
2025-11-17 11:00:14,2845,0.0000,0.0000,0.0000,0.0000,0.2778,0.2778
2025-11-17 11:00:27,2855,0.0000,0.0000,0.0000,0.0000,0.2778,0.2778
2025-11-17 11:00:34,2865,0.0000,0.0000,0.0000,0.0000,0.2778,0.2778
2025-11-17 11:00:45,2876,0.0000,0.0000,0.0000,0.0000,0.2778,0.2778
2025-11-17 11:00:55,2886,0.0000,0.0000,0.0000,0.0000,0.2778,0.2778
2025-11-17 11:01:05,2896,0.0000,0.0000,0.0000,0.0000,0.2778,0.2778
2025-11-17 11:01:15,2907,0.0000,0.0000,0.0000,0.0000,0.2778,0.2778
2025-11-17 11:01:26,2917,0.0000,0.0000,0.0000,0.0000,0.2778,0.2778
2025-11-17 11:01:37,2928,0.0000,0.0000,0.0000,0.0000,0.2778,0.2778
2025-11-17 11:01:48,2939,0.0000,0.0000,0.0000,0.0000,0.2778,0.2778
2025-11-17 11:02:04,2955,0.0000,0.0000,0.0000,0.0000,0.2778,0.2778
2025-11-17 11:02:16,2966,0.0000,0.0000,0.0000,0.0000,0.2778,0.2778
2025-11-17 11:02:35,2986,0.0000,0.0000,0.0000,0.0000,0.2778,0.2778
2025-11-17 11:02:46,2997,0.0000,0.0000,0.0000,0.0000,0.2778,0.2778
2025-11-17 11:02:56,3007,0.0000,0.0000,0.0000,0.0000,0.2778,0.2778
2025-11-17 11:03:06,3018,0.0000,0.0000,0.0000,0.0000,0.2778,0.2778
2025-11-17 11:03:18,3029,0.0000,0.0000,0.0000,0.0000,0.2778,0.2778
2025-11-17 11:03:28,3039,0.0000,0.0000,0.0000,0.0000,0.2778,0.2778
2025-11-17 11:03:38,3049,0.0000,0.0000,0.0000,0.0000,0.2778,0.2778
2025-11-17 11:03:49,3060,0.0000,0.0000,0.0000,0.0000,0.2778,0.2778
2025-11-17 11:03:59,3070,0.0000,0.0000,0.0000,0.0000,0.2778,0.2778
2025-11-17 11:04:10,3080,0.0000,0.0000,0.0000,0.0000,0.2778,0.2778
2025-11-17 11:04:21,3091,0.0000,0.0000,0.0000,0.0000,0.2778,0.2778
2025-11-17 11:04:40,3111,0.0000,0.0000,0.0000,0.0000,0.2778,0.2778
2025-11-17 11:04:50,3122,0.0000,0.0000,0.0000,0.0000,0.2778,0.2778
2025-11-17 11:05:00,3132,0.0000,0.0000,0.0000,0.0000,0.2778,0.2778
2025-11-17 11:05:11,3142,0.0000,0.0000,0.0000,0.0000,0.2778,0.2778
2025-11-17 11:05:21,3152,0.0000,0.0000,0.0000,0.0000,0.2778,0.2778
2025-11-17 11:05:42,3174,0.0000,0.0000,0.0000,0.0000,0.2778,0.2778
2025-11-17 11:05:52,3184,0.0000,0.0000,0.0000,0.0000,0.2778,0.2778
2025-11-17 11:06:07,3199,0.0000,0.0000,0.0000,0.0000,0.2778,0.2778
2025-11-17 11:06:18,3209,0.0000,0.0000,0.0000,0.0000,0.2778,0.2778
2025-11-17 11:06:28,3219,0.0000,0.0000,0.0000,0.0000,0.2778,0.2778
2025-11-17 11:06:38,3229,0.0000,0.0000,0.0000,0.0000,0.2778,0.2778
2025-11-17 11:06:49,3240,0.0000,0.0000,0.0000,0.0000,0.2778,0.2778
2025-11-17 11:07:00,3250,0.0000,0.0000,0.0000,0.0000,0.2778,0.2778
2025-11-17 11:07:12,3261,0.0000,0.0000,0.0000,0.0000,0.2778,0.2778
2025-11-17 11:07:22,3273,0.0000,0.0000,0.0000,0.0000,0.2778,0.2778
2025-11-17 11:07:32,3283,0.0000,0.0000,0.0000,0.0000,0.2778,0.2778
2025-11-17 11:08:04,3315,0.0000,0.0000,0.0000,0.0000,0.2778,0.2778
2025-11-17 11:08:14,3325,0.0000,0.0000,0.0000,0.0000,0.2778,0.2778
2025-11-17 11:08:24,3335,0.0000,0.0000,0.0000,5.4034,0.0000,5.4034
2025-11-17 11:08:34,3346,0.0000,0.0000,0.0000,0.0296,0.0000,0.0296
2025-11-17 11:08:44,3356,0.0106,0.0000,0.0000,0.0000,0.0000,0.0106
2025-11-17 11:09:10,3382,0.0000,0.0000,0.0000,0.0000,0.2778,0.2778
2025-11-17 11:09:21,3392,0.0000,0.0000,0.0000,0.0000,0.2778,0.2778
2025-11-17 11:09:31,3402,0.0000,0.0000,0.0000,0.0000,0.2778,0.2778
2025-11-17 11:09:41,3413,0.0000,0.1658,0.0000,0.0000,0.2778,0.4436
2025-11-17 11:10:21,27,0.0000,0.0000,0.0000,0.0000,0.2778,0.2778
2025-11-17 11:10:30,37,0.0000,0.0000,0.0000,0.0000,0.2778,0.2778
2025-11-17 11:10:41,48,0.0138,0.0000,0.0000,0.0000,0.2778,0.2916
2025-11-17 11:10:51,58,0.0000,0.0000,0.0000,0.0000,0.2778,0.2778
2025-11-17 11:11:02,68,0.0000,0.0000,0.0000,0.0000,0.2778,0.2778
2025-11-17 11:11:24,91,0.0000,16.2989,0.0000,0.0000,0.0000,16.2989
2025-11-17 11:11:34,101,0.0000,0.3431,0.0000,0.0000,0.2778,0.6208
2025-11-17 11:11:50,117,0.0000,0.0000,0.0000,0.0000,0.2778,0.2778
2025-11-17 11:12:02,128,0.0000,0.0000,0.0000,0.0000,0.2778,0.2778
2025-11-17 11:12:12,138,0.0000,0.0000,0.0000,0.0000,0.2778,0.2778
2025-11-17 11:12:22,149,0.0000,0.0000,0.0000,0.0000,0.2778,0.2778
2025-11-17 11:12:33,160,0.0000,0.0000,0.0000,0.0000,0.2778,0.2778
2025-11-17 11:12:43,170,0.0000,0.0000,0.0000,0.0000,0.2778,0.2778
2025-11-17 11:12:54,181,0.0000,0.0000,0.0000,0.0000,0.2778,0.2778
2025-11-17 11:13:04,191,0.0000,0.0000,0.0000,0.0000,0.2778,0.2778
2025-11-17 11:13:15,201,0.0000,0.0000,0.0000,0.0000,0.2778,0.2778
2025-11-17 11:13:24,211,0.0000,0.0000,0.0000,0.0000,0.2778,0.2778
2025-11-17 11:13:35,221,0.0000,0.0000,0.0000,0.0000,0.2778,0.2778
2025-11-17 11:13:51,237,0.0000,0.0000,0.0000,0.0000,0.2778,0.2778
2025-11-17 11:14:00,247,0.0000,0.0000,0.0000,0.0000,0.2778,0.2778
2025-11-17 11:14:11,257,0.0000,0.0000,0.0000,0.0000,0.2778,0.2778
2025-11-17 11:14:21,268,0.0000,0.0000,0.0000,0.0000,0.2778,0.2778
2025-11-17 11:14:31,278,0.0000,0.0000,0.0000,0.0000,0.2778,0.2778
2025-11-17 11:14:42,289,0.0000,0.0000,0.0000,0.0000,0.2778,0.2778
2025-11-17 11:14:53,300,0.0000,0.0000,0.0000,0.0000,0.2778,0.2778
2025-11-17 11:15:09,316,0.0000,0.0000,0.0000,0.0000,0.2778,0.2778
2025-11-17 11:15:19,326,0.0000,0.0000,0.0000,0.0000,0.2778,0.2778
2025-11-17 11:15:31,337,0.0000,0.0000,0.0000,0.0000,0.2778,0.2778
2025-11-17 11:15:41,348,0.0000,0.0000,0.0000,0.0000,0.2778,0.2778
2025-11-17 11:15:51,358,0.0000,0.0000,0.0000,0.0000,0.2778,0.2778
2025-11-17 11:16:02,369,0.0000,0.0000,0.0000,0.0000,0.2778,0.2778
2025-11-17 11:16:12,379,0.0000,0.0000,0.0000,0.0000,0.2778,0.2778
2025-11-17 11:16:22,389,0.0000,0.0000,0.0000,0.0000,0.2778,0.2778
2025-11-17 11:16:32,399,0.0000,0.0000,0.0000,0.0000,0.2778,0.2778
2025-11-17 11:16:43,409,0.0000,0.0000,0.0000,0.0000,0.2778,0.2778
2025-11-17 11:16:53,420,0.0000,0.0000,0.0000,0.0000,0.2778,0.2778
2025-11-17 11:17:04,431,0.0000,0.0000,0.0000,0.0000,0.2778,0.2778
2025-11-17 11:18:26,513,0.0000,0.0000,0.0000,0.0000,0.2778,0.2778
2025-11-17 11:18:37,523,0.0000,0.0000,0.0000,0.0000,0.2778,0.2778
2025-11-17 11:18:47,533,0.0000,0.0000,0.0000,0.0000,0.2778,0.2778
2025-11-17 11:18:57,544,0.0000,0.0000,0.0000,0.0000,0.2778,0.2778
2025-11-17 11:19:08,554,0.0000,0.0000,0.0000,0.0000,0.2778,0.2778
2025-11-17 11:19:23,570,0.0000,0.0000,0.0000,0.0000,0.2778,0.2778
2025-11-17 11:19:39,586,0.0000,0.0000,0.0000,0.0000,0.2778,0.2778
2025-11-17 11:19:49,596,0.0000,0.0000,0.0000,0.0000,0.2778,0.2778
2025-11-17 11:19:59,606,0.0000,0.0000,0.0000,0.0000,0.2778,0.2778
2025-11-17 11:20:10,617,0.0000,0.0000,0.0000,0.0000,0.2778,0.2778
2025-11-17 11:20:20,627,0.0000,0.0000,0.0000,0.0000,0.2778,0.2778
2025-11-17 11:20:30,637,0.0000,0.0000,0.0000,0.0000,0.2778,0.2778
2025-11-17 11:20:40,647,0.0000,0.0000,0.0000,0.0000,0.2778,0.2778
2025-11-17 11:20:51,658,0.0000,0.0000,0.0000,0.0000,0.2778,0.2778
2025-11-17 11:21:02,669,0.0000,0.0000,0.0000,0.0000,0.2778,0.2778
2025-11-17 11:21:12,679,0.0000,0.0000,0.0000,0.0000,0.2778,0.2778
2025-11-17 11:21:23,690,0.0000,0.0000,0.0000,0.0000,0.2778,0.2778
2025-11-17 11:21:33,700,0.0000,0.0000,0.0000,0.0000,0.2778,0.2778
2025-11-17 11:21:43,710,0.0000,0.0000,0.0000,0.0000,0.2778,0.2778
2025-11-17 11:22:09,736,0.0000,0.0000,0.0000,0.0000,0.2778,0.2778
2025-11-17 11:22:19,746,0.0000,0.0000,0.0000,0.0000,0.2778,0.2778
2025-11-17 11:22:29,756,0.0000,0.0000,0.0000,0.0000,0.2778,0.2778
2025-11-17 11:22:39,766,0.0000,0.0000,0.0000,0.0000,0.2778,0.2778
2025-11-17 11:22:50,777,0.0000,0.0000,0.0000,0.0000,0.2778,0.2778
2025-11-17 11:23:00,787,0.0000,0.0000,0.0000,0.0000,0.2778,0.2778
2025-11-17 11:23:11,798,0.0000,0.0000,0.0000,0.0000,0.2778,0.2778
2025-11-17 11:23:21,808,0.0000,0.0000,0.0000,0.0000,0.2778,0.2778
2025-11-17 11:23:32,818,0.0000,0.0000,0.0000,0.0000,0.2778,0.2778
2025-11-17 11:23:53,840,0.0000,0.0000,0.0000,0.0000,0.2778,0.2778
2025-11-17 11:24:04,850,0.0000,0.0000,0.0000,0.0000,0.2778,0.2778
2025-11-17 11:24:14,861,0.0000,0.0000,0.0000,0.0000,0.2778,0.2778
2025-11-17 11:24:24,871,0.0000,0.0000,0.0000,0.0000,0.2778,0.2778
2025-11-17 11:24:40,886,0.0000,0.0000,0.0000,0.0000,0.2778,0.2778
2025-11-17 11:24:50,897,0.0000,0.0000,0.0000,0.0000,0.2778,0.2778
2025-11-17 11:25:00,907,0.0000,0.0000,0.0000,0.0000,0.2778,0.2778
2025-11-17 11:25:15,922,0.0000,0.0000,0.0000,0.0000,0.2778,0.2778
2025-11-17 11:25:32,939,0.0000,0.0000,0.0000,0.0000,0.2778,0.2778
2025-11-17 11:25:42,949,0.0000,0.0000,0.0000,0.0000,0.2778,0.2778
2025-11-17 11:26:36,1003,0.0000,0.0000,0.0000,0.0000,0.2778,0.2778
2025-11-17 11:26:46,1013,0.0000,0.0000,0.0000,0.0000,0.2778,0.2778
2025-11-17 11:26:57,1024,0.0000,0.0000,0.0000,0.0000,0.2778,0.2778
2025-11-17 11:27:08,1034,0.0000,0.0000,0.0000,0.0000,0.2778,0.2778
2025-11-17 11:27:23,1050,0.0000,0.0000,0.0000,0.0000,0.2778,0.2778
2025-11-17 11:27:34,1060,0.0000,0.0000,0.0000,0.0000,0.2778,0.2778
2025-11-17 11:27:44,1071,0.0000,0.0000,0.0000,0.0000,0.2778,0.2778
2025-11-17 11:27:54,1081,0.0000,0.0000,0.0000,0.0000,0.2778,0.2778
2025-11-17 11:28:04,1091,0.0000,0.0000,0.0000,0.0000,0.2778,0.2778
2025-11-17 11:28:19,1106,0.0000,0.0000,0.0000,0.0000,0.2778,0.2778
2025-11-17 11:28:29,1116,0.0000,0.0000,0.0000,0.0000,0.2778,0.2778
2025-11-17 11:28:40,1127,0.0000,0.0000,0.0000,0.0000,0.2778,0.2778
2025-11-17 11:28:51,1137,0.0000,0.0000,0.0000,0.0000,0.2778,0.2778
2025-11-17 11:29:01,1148,0.0000,0.0000,0.0000,0.0000,0.2778,0.2778
2025-11-17 11:29:11,1158,0.0000,0.0000,0.0000,0.0000,0.2778,0.2778
2025-11-17 11:29:23,1168,0.0000,0.0000,0.0000,0.0000,0.2778,0.2778
2025-11-17 11:29:32,1179,0.0000,0.0000,0.0000,0.0000,0.2778,0.2778
2025-11-17 11:29:49,1196,0.0000,0.0000,0.0000,0.0000,0.2778,0.2778
2025-11-17 11:30:01,1207,0.0000,0.0000,0.0000,0.0000,0.2778,0.2778
2025-11-17 11:30:11,1218,0.0000,0.0000,0.0000,0.0000,0.2778,0.2778
2025-11-17 11:30:22,1229,0.0000,0.0000,0.0000,0.0000,0.2778,0.2778
2025-11-17 11:30:37,1244,0.0000,0.0000,0.0000,0.0000,0.2778,0.2778
2025-11-17 11:30:47,1254,0.0000,0.0000,0.0000,0.0000,0.2778,0.2778
2025-11-17 11:30:58,1264,0.0000,0.0000,0.0000,0.0000,0.2778,0.2778
2025-11-17 11:31:08,1275,0.0000,0.0000,0.0000,0.0000,0.2778,0.2778
2025-11-17 11:31:25,1291,0.0000,0.0000,0.0000,0.0000,0.2778,0.2778
2025-11-17 11:31:35,1302,0.0000,0.0000,0.0000,0.0000,0.2778,0.2778
2025-11-17 11:31:45,1312,0.0000,0.0000,0.0000,0.0000,0.2778,0.2778
2025-11-17 11:31:56,1322,0.0000,0.0000,0.0000,0.0000,0.2778,0.2778
2025-11-17 11:32:06,1333,0.0000,0.0000,0.0000,0.0000,0.2778,0.2778
2025-11-17 11:32:17,1344,0.0000,0.0000,0.0000,0.0000,0.2778,0.2778
2025-11-17 11:32:28,1355,0.0000,0.0000,0.0000,0.0000,0.2778,0.2778
2025-11-17 11:32:38,1365,0.0000,0.0000,0.0000,0.0000,0.2778,0.2778
2025-11-17 11:32:49,1375,0.0000,0.0000,0.0000,0.0000,0.2778,0.2778
2025-11-17 11:33:04,1391,0.0000,0.0000,0.0000,0.0000,0.2778,0.2778
2025-11-17 11:33:16,1401,0.0000,0.0000,0.0000,0.0000,0.2778,0.2778
2025-11-17 11:33:24,1411,0.0000,0.0000,0.0000,0.0000,0.2778,0.2778
2025-11-17 11:33:35,1422,0.0000,0.0000,0.0000,0.0000,0.2778,0.2778
2025-11-17 11:33:45,1432,0.0000,0.0000,0.0000,0.0000,0.2778,0.2778
2025-11-17 11:34:01,1448,0.0000,0.0000,0.0000,0.0000,0.2778,0.2778
2025-11-17 11:34:11,1458,0.0000,0.0000,0.0000,0.0000,0.2778,0.2778
2025-11-17 11:34:21,1468,0.0000,0.0000,0.0000,0.0000,0.2778,0.2778
2025-11-17 11:34:37,1484,0.0000,0.0000,0.0000,0.0000,0.2778,0.2778
2025-11-17 11:34:47,1494,0.0000,0.0000,0.0000,0.0000,0.2778,0.2778
2025-11-17 11:34:58,1505,0.0000,0.0000,0.0000,0.0000,0.2778,0.2778
2025-11-17 11:36:03,1570,0.0000,0.0000,0.0000,0.0000,0.2778,0.2778
2025-11-17 11:36:13,1580,0.0000,0.0000,0.0000,0.0000,0.2778,0.2778
2025-11-17 11:36:25,1590,0.0000,0.0000,0.0000,0.0000,0.2778,0.2778
2025-11-17 11:36:34,1601,0.0000,0.0000,0.0000,0.0000,0.2778,0.2778
2025-11-17 11:36:44,1611,0.0000,0.0000,0.0000,0.0000,0.2778,0.2778
2025-11-17 11:37:05,1632,0.0000,0.0000,0.0000,0.0000,0.2778,0.2778
2025-11-17 11:37:16,1642,0.0000,0.0000,0.0000,0.0000,0.2778,0.2778
2025-11-17 11:37:27,1652,0.0000,0.0000,0.0000,0.0000,0.2778,0.2778
2025-11-17 11:37:37,1664,0.0000,0.0000,0.0000,0.0000,0.2778,0.2778
2025-11-17 11:37:47,1674,0.0000,0.0000,0.0000,0.0000,0.2778,0.2778
2025-11-17 11:37:58,1685,0.0000,0.0000,0.0000,0.0000,0.2778,0.2778
2025-11-17 11:38:24,1711,0.0000,0.0000,0.0000,0.0000,0.2778,0.2778
2025-11-17 11:38:35,1721,0.0000,0.0000,0.0000,0.0000,0.2778,0.2778
2025-11-17 11:38:45,1732,0.0000,0.0000,0.0000,0.0000,0.2778,0.2778
2025-11-17 11:38:56,1743,0.0000,0.0000,0.0000,0.0000,0.2778,0.2778
2025-11-17 11:39:12,1758,0.0000,0.0000,0.0000,0.0000,0.2778,0.2778
2025-11-17 11:39:22,1768,0.0000,0.0000,0.0000,0.0000,0.2778,0.2778
2025-11-17 11:39:42,1789,0.0000,0.0000,0.0000,0.0000,0.2778,0.2778
2025-11-17 11:39:53,1799,0.0000,0.0000,0.0000,0.0000,0.2778,0.2778
2025-11-17 11:40:03,1810,0.0000,0.0000,0.0000,0.0000,0.2778,0.2778
2025-11-17 11:40:14,1821,0.0000,0.0000,0.0000,0.0000,0.2778,0.2778
2025-11-17 11:40:24,1831,0.0000,0.0000,0.0000,0.0000,0.2778,0.2778
2025-11-17 11:40:37,1841,0.0000,0.0000,0.0000,0.0000,0.2778,0.2778
2025-11-17 11:40:45,1851,0.0000,0.0000,0.0000,0.0000,0.2778,0.2778
2025-11-17 11:41:00,1866,0.0000,0.0000,0.0000,0.0000,0.2778,0.2778
2025-11-17 11:41:10,1877,0.0000,0.0000,0.0000,0.0000,0.2778,0.2778
2025-11-17 11:41:25,1891,0.0000,0.0000,0.0000,0.0000,0.2778,0.2778
2025-11-17 11:41:35,1902,0.0000,0.0000,0.0000,0.0000,0.2778,0.2778
2025-11-17 11:41:51,1918,0.0000,0.0000,0.0000,0.0000,0.2778,0.2778
2025-11-17 11:42:02,1929,0.0000,0.0000,0.0000,0.0000,0.2778,0.2778
2025-11-17 11:42:13,1939,0.0000,0.0000,0.0000,0.0000,0.2778,0.2778
2025-11-17 11:42:28,1955,0.0000,0.0000,0.0000,0.0000,0.2778,0.2778
2025-11-17 11:42:39,1965,0.0000,0.0000,0.0000,0.0000,0.2778,0.2778
2025-11-17 11:42:49,1976,0.0000,0.0000,0.0000,0.0000,0.2778,0.2778
2025-11-17 11:43:10,1997,0.0000,0.0000,0.0000,0.0000,0.2778,0.2778
2025-11-17 11:43:20,2007,0.0000,0.0000,0.0000,0.0000,0.2778,0.2778
2025-11-17 11:43:31,2017,0.0000,0.0000,0.0000,0.0000,0.2778,0.2778
2025-11-17 11:43:41,2027,0.0000,0.0000,0.0000,0.0000,0.2778,0.2778
2025-11-17 11:43:57,2044,0.0000,0.0000,0.0000,0.0000,0.2778,0.2778
2025-11-17 11:44:19,2066,0.0000,0.0000,0.0000,0.0000,0.2778,0.2778
2025-11-17 11:44:30,2077,0.0000,0.0000,0.0000,0.0000,0.2778,0.2778
2025-11-17 11:44:41,2087,0.0000,0.0000,0.0000,0.0000,0.2778,0.2778
2025-11-17 11:44:51,2098,0.0000,0.0000,0.0000,0.0000,0.2778,0.2778
2025-11-17 11:45:01,2108,0.0000,0.0000,0.0000,0.0000,0.2778,0.2778
2025-11-17 11:45:13,2119,0.0000,0.0000,0.0000,0.0000,0.2778,0.2778
2025-11-17 11:45:25,2129,0.0000,0.0000,0.0000,0.0000,0.2778,0.2778
2025-11-17 11:45:52,2158,0.0000,0.0000,0.0000,0.0000,0.2778,0.2778
2025-11-17 11:46:01,2168,0.0000,0.0000,0.0000,0.0000,0.2778,0.2778
2025-11-17 11:46:12,2179,0.0000,0.0000,0.0000,0.0000,0.2778,0.2778
2025-11-17 11:46:22,2189,0.0000,0.0000,0.0000,0.0000,0.2778,0.2778
2025-11-17 11:47:01,2227,0.0000,0.0000,0.0000,0.0000,0.2778,0.2778
2025-11-17 11:47:10,2237,0.0000,0.0000,0.0000,0.0000,0.2778,0.2778
2025-11-17 11:47:20,2247,0.0000,0.0000,0.0000,0.0000,0.2778,0.2778
2025-11-17 11:47:31,2258,0.0000,0.0000,0.0000,0.0000,0.2778,0.2778
2025-11-17 11:47:42,2269,0.0000,0.0000,0.0000,0.0000,0.2778,0.2778
2025-11-17 11:47:53,2279,0.0000,0.0000,0.0000,0.0000,0.2778,0.2778
2025-11-17 11:48:03,2290,0.0000,0.0000,0.0000,0.0000,0.2778,0.2778
2025-11-17 11:48:13,2300,0.0000,0.0000,0.0000,0.0000,0.2778,0.2778
2025-11-17 11:48:28,2315,0.0000,0.0000,0.0000,0.0000,0.2778,0.2778
2025-11-17 11:48:39,2326,0.0000,0.0000,0.0000,0.0000,0.2778,0.2778
2025-11-17 11:48:49,2336,0.0000,0.0000,0.0000,0.0000,0.2778,0.2778
2025-11-17 11:49:04,2351,0.0000,0.0000,0.0000,0.0000,0.2778,0.2778
2025-11-17 11:49:15,2362,0.0000,0.0000,0.0000,0.0000,0.2778,0.2778
2025-11-17 11:49:25,2372,0.0000,0.0000,0.0000,0.0000,0.2778,0.2778
2025-11-17 11:49:47,2394,0.0000,0.0000,0.0000,0.0000,0.2778,0.2778
2025-11-17 11:50:03,2410,0.0000,0.0000,0.0000,0.0000,0.2778,0.2778
2025-11-17 11:50:14,2420,0.0000,0.0000,0.0000,0.0000,0.2778,0.2778
2025-11-17 11:50:52,2459,0.0000,0.0000,0.0000,0.0000,0.2778,0.2778
2025-11-17 11:51:02,2469,0.0000,0.0000,0.0000,0.0000,0.2778,0.2778
2025-11-17 11:51:12,2479,0.0000,0.0000,0.0000,0.0000,0.2778,0.2778
2025-11-17 11:51:22,2489,0.0000,0.0000,0.0000,0.0000,0.2778,0.2778
2025-11-17 11:51:33,2500,0.0000,0.0000,0.0000,0.0000,0.2778,0.2778
2025-11-17 11:51:44,2511,0.0000,0.0000,0.0000,0.0000,0.2778,0.2778
2025-11-17 11:51:54,2521,0.0000,0.0000,0.0000,0.0000,0.2778,0.2778
2025-11-17 11:52:04,2531,0.0000,0.0000,0.0000,0.0000,0.2778,0.2778
2025-11-17 11:52:26,2553,0.0000,0.0000,0.0000,0.0000,0.2778,0.2778
2025-11-17 11:52:37,2564,0.0000,0.0000,0.0000,0.0000,0.2778,0.2778
2025-11-17 11:52:48,2574,0.0000,0.0000,0.0000,0.0000,0.2778,0.2778
2025-11-17 11:52:58,2585,0.0000,0.0000,0.0000,0.0000,0.2778,0.2778
2025-11-17 11:53:08,2595,0.0000,0.0000,0.0000,0.0000,0.2778,0.2778
2025-11-17 11:53:23,2610,0.0000,0.0000,0.0000,0.0000,0.2778,0.2778
2025-11-17 11:53:34,2620,0.0000,0.0000,0.0000,0.0000,0.2778,0.2778
2025-11-17 11:53:44,2631,0.0000,0.0000,0.0000,0.0000,0.2778,0.2778
2025-11-17 11:53:55,2641,0.0000,0.0000,0.0000,0.0000,0.2778,0.2778
2025-11-17 11:54:04,2651,0.0000,0.0000,0.0000,0.0000,0.2778,0.2778
2025-11-17 11:54:14,2661,0.0000,0.0000,0.0000,0.0000,0.2778,0.2778
2025-11-17 11:54:26,2672,0.0000,0.0000,0.0000,0.0000,0.2778,0.2778
2025-11-17 11:54:35,2682,0.0000,0.0000,0.0000,0.0000,0.2778,0.2778
2025-11-17 11:54:45,2692,0.0000,0.0000,0.0000,0.0000,0.2778,0.2778
2025-11-17 11:54:56,2702,0.0000,0.0000,0.0000,0.0000,0.2778,0.2778
2025-11-17 11:55:33,2740,0.0000,0.0000,0.0000,0.0000,0.2778,0.2778
2025-11-17 11:55:44,2751,0.0000,0.0000,0.0000,0.0000,0.2778,0.2778
2025-11-17 11:55:55,2761,0.0000,0.0000,0.0000,0.0000,0.2778,0.2778
2025-11-17 11:56:05,2771,0.0000,0.0000,0.0000,0.0000,0.2778,0.2778
2025-11-17 11:56:15,2782,0.0000,0.0000,0.0000,0.0000,0.2778,0.2778
2025-11-17 11:56:46,2813,0.0000,0.0000,0.0000,0.0000,0.2778,0.2778
2025-11-17 11:57:08,2835,0.0000,0.0000,0.0000,0.0000,0.2778,0.2778
2025-11-17 11:57:25,2852,0.0000,0.0000,0.0000,0.0000,0.2778,0.2778
2025-11-17 11:57:35,2862,0.0000,0.0000,0.0000,0.0000,0.2778,0.2778
2025-11-17 11:58:01,2887,0.0000,0.0000,0.0000,0.0000,0.2778,0.2778
2025-11-17 11:58:14,2898,0.0000,0.0000,0.0000,0.0000,0.2778,0.2778
2025-11-17 11:58:34,2921,0.0000,0.0000,0.0000,0.0000,0.2778,0.2778
2025-11-17 11:58:45,2931,0.0000,0.0000,0.0000,0.0000,0.2778,0.2778
2025-11-17 11:58:55,2942,0.0000,0.0000,0.0000,0.0000,0.2778,0.2778
2025-11-17 11:59:05,2952,0.0000,0.0000,0.0000,0.0000,0.2778,0.2778
2025-11-17 11:59:16,2962,0.0000,0.0000,0.0000,0.0000,0.2778,0.2778
2025-11-17 11:59:26,2972,0.0000,0.0000,0.0000,0.0000,0.2778,0.2778
2025-11-17 11:59:36,2983,0.0000,0.0000,0.0000,0.0000,0.2778,0.2778
2025-11-17 11:59:47,2993,0.0000,0.0000,0.0000,0.0000,0.2778,0.2778
2025-11-17 11:59:57,3004,0.0000,0.0000,0.0000,0.0000,0.2778,0.2778
2025-11-17 12:00:09,3015,0.0000,0.0000,0.0000,0.0000,0.2778,0.2778
2025-11-17 12:00:19,3025,0.0000,0.0000,0.0000,0.0000,0.2778,0.2778
2025-11-17 12:00:29,3036,0.0000,0.0000,0.0000,0.0000,0.2778,0.2778
2025-11-17 12:00:39,3046,0.0000,0.0000,0.0000,0.0000,0.2778,0.2778
2025-11-17 12:01:05,3072,0.0000,0.0000,0.0000,0.0000,0.2778,0.2778
2025-11-17 12:01:28,3095,0.0000,0.0000,0.0000,0.0000,0.2778,0.2778
2025-11-17 12:01:39,3105,0.0000,0.0000,0.0000,0.0000,0.2778,0.2778
2025-11-17 12:01:50,3116,0.0000,0.0000,0.0000,0.0000,0.2778,0.2778
2025-11-17 12:02:00,3126,0.0000,0.0000,0.0000,0.0000,0.2778,0.2778
2025-11-17 12:02:10,3136,0.0000,0.0000,0.0000,0.0000,0.2778,0.2778
2025-11-17 12:02:19,3146,0.0000,0.0000,0.0000,0.0000,0.2778,0.2778
2025-11-17 12:02:30,3157,0.0000,0.0000,0.0000,0.0000,0.2778,0.2778
2025-11-17 12:02:40,3167,0.0000,0.0000,0.0000,0.0000,0.2778,0.2778
2025-11-17 12:03:01,3188,0.0000,0.0000,0.0000,0.0000,0.2778,0.2778
2025-11-17 12:03:12,3199,0.0000,0.0000,0.0000,0.0000,0.2778,0.2778
2025-11-17 12:03:22,3209,0.0000,0.0000,0.0000,0.0000,0.2778,0.2778
2025-11-17 12:03:32,3219,0.0000,0.0000,0.0000,0.0000,0.2778,0.2778
2025-11-17 12:03:44,3230,0.0000,0.0000,0.0000,0.0000,0.2778,0.2778
2025-11-17 12:04:39,3286,0.0000,0.0000,0.0000,0.0000,0.2778,0.2778
2025-11-17 12:04:50,3297,0.0000,0.0000,0.0000,0.0000,0.2778,0.2778
2025-11-17 12:05:00,3307,0.0000,0.0000,0.0000,0.0000,0.2778,0.2778
2025-11-17 12:05:10,3317,0.0000,0.0000,0.0000,0.0000,0.2778,0.2778
2025-11-17 12:05:31,3338,0.0000,0.0000,0.0000,0.0000,0.2778,0.2778
2025-11-17 12:05:42,3348,0.0000,0.0000,0.0000,0.0000,0.2778,0.2778
2025-11-17 12:05:52,3359,0.0000,0.0000,0.0000,0.0000,0.2778,0.2778
2025-11-17 12:06:02,3369,0.0000,0.0000,0.0000,0.0000,0.2778,0.2778
2025-11-17 12:06:12,3379,0.0000,0.0000,0.0000,0.0000,0.2778,0.2778
2025-11-17 12:06:23,3390,0.0000,0.0000,0.0000,0.0000,0.2778,0.2778
2025-11-17 12:06:33,3400,0.0000,0.0000,0.0000,0.0000,0.2778,0.2778
2025-11-17 12:06:44,3410,0.0000,0.0000,0.0000,0.0000,0.2778,0.2778
2025-11-17 12:07:00,3427,0.0000,0.0000,0.0000,0.0000,0.2778,0.2778
2025-11-17 12:07:11,3437,0.0000,0.0000,0.0000,0.0000,0.2778,0.2778
2025-11-17 12:07:22,3448,0.0000,0.0000,0.0000,0.0000,0.2778,0.2778
2025-11-17 12:07:47,3474,0.0000,0.0000,0.0000,0.0000,0.2778,0.2778
2025-11-17 12:08:10,3496,0.0000,0.0000,0.0000,0.0000,0.2778,0.2778
2025-11-17 12:08:19,3506,0.0000,0.0000,0.0000,0.0000,0.2778,0.2778
2025-11-17 12:08:51,3538,0.0000,0.0000,0.0000,0.0000,0.2778,0.2778
2025-11-17 12:09:02,3548,0.0000,0.0000,0.0000,0.0000,0.2778,0.2778
2025-11-17 12:09:17,3563,0.0000,0.0000,0.0000,0.0000,0.2778,0.2778
2025-11-17 12:09:27,3574,0.0000,0.0000,0.0000,0.0000,0.2778,0.2778
2025-11-17 12:09:37,3584,0.0000,0.0000,0.0000,0.0000,0.2778,0.2778
2025-11-17 12:09:47,3594,0.0000,0.0000,0.0000,0.0000,0.2778,0.2778
2025-11-17 12:10:09,3616,0.0000,0.0000,0.0000,0.0000,0.2778,0.2778
2025-11-17 12:10:20,3626,0.0000,0.0000,0.0000,0.0000,0.2778,0.2778
2025-11-17 12:10:46,3653,0.0000,0.0000,0.0000,0.0000,0.2778,0.2778
2025-11-17 12:10:58,3664,0.0000,0.0000,0.0000,0.0000,0.2778,0.2778
2025-11-17 12:11:08,3675,0.0000,0.0000,0.0000,0.0000,0.2778,0.2778
2025-11-17 12:11:18,3685,0.0000,0.0000,0.0000,0.0000,0.2778,0.2778
2025-11-17 12:11:29,3695,0.0000,0.0000,0.0000,0.0000,0.2778,0.2778
2025-11-17 12:11:39,3705,0.0000,0.0000,0.0000,0.0000,0.2778,0.2778
2025-11-17 12:11:50,3716,0.0000,0.0000,0.0000,0.0000,0.2778,0.2778
2025-11-17 12:12:00,3726,0.0000,0.0000,0.0000,0.0000,0.2778,0.2778
2025-11-17 12:12:32,3758,0.0000,0.0000,0.0000,0.0000,0.2778,0.2778
2025-11-17 12:12:41,3768,0.0000,0.0000,0.0000,0.0000,0.2778,0.2778
2025-11-17 12:12:52,3779,0.0000,0.0000,0.0000,0.0000,0.2778,0.2778
2025-11-17 12:13:08,3795,0.0000,0.0000,0.0000,0.0000,0.2778,0.2778
2025-11-17 12:13:19,3806,0.0000,0.0000,0.0000,0.0000,0.2778,0.2778
2025-11-17 12:13:41,3828,0.0000,0.0000,0.0000,0.0000,0.2778,0.2778
2025-11-17 12:13:51,3838,0.0000,0.0000,0.0000,0.0000,0.2778,0.2778
2025-11-17 12:14:09,3855,0.0000,0.0000,0.0000,0.0000,0.2778,0.2778
2025-11-17 12:14:31,3877,0.0000,0.0000,0.0000,0.0000,0.2778,0.2778
2025-11-17 12:14:41,3887,0.0000,0.0000,0.0000,0.0000,0.2778,0.2778
2025-11-17 12:14:51,3897,0.0000,0.0000,0.0000,0.0000,0.2778,0.2778
2025-11-17 12:15:02,3908,0.0000,0.0000,0.0000,0.0000,0.2778,0.2778
2025-11-17 12:15:11,3918,0.0000,0.0000,0.0000,0.0000,0.2778,0.2778
2025-11-17 12:15:21,3928,0.0000,0.0000,0.0000,0.0000,0.2778,0.2778
2025-11-17 12:15:32,3939,0.0000,0.0000,0.0000,0.0000,0.2778,0.2778
2025-11-17 12:15:43,3950,0.0000,0.0000,0.0000,0.0000,0.2778,0.2778
2025-11-17 12:15:53,3960,0.0000,0.0000,0.0000,0.0000,0.2778,0.2778
2025-11-17 12:16:04,3970,0.0000,0.0000,0.0000,0.0000,0.2778,0.2778
2025-11-17 12:16:15,3981,0.0000,0.0000,0.0000,0.0000,0.2778,0.2778
2025-11-17 12:16:24,3991,0.0000,0.0000,0.0000,0.0000,0.2778,0.2778
2025-11-17 12:16:35,4002,0.0000,0.0000,0.0000,0.0000,0.2778,0.2778
2025-11-17 12:16:45,4012,0.0000,0.0000,0.0000,0.0000,0.2778,0.2778
2025-11-17 12:16:55,4022,0.0000,0.0000,0.0000,0.0000,0.2778,0.2778
2025-11-17 12:17:05,4032,0.0000,0.0000,0.0000,0.0000,0.2778,0.2778
2025-11-17 12:17:16,4042,0.0000,0.0000,0.0000,0.0000,0.2778,0.2778
2025-11-17 12:17:37,4064,0.0000,0.0000,0.0000,0.0000,0.2778,0.2778
2025-11-17 12:17:47,4074,0.0000,0.0000,0.0000,0.0000,0.2778,0.2778
2025-11-17 12:18:02,4089,0.0000,0.0000,0.0000,0.0000,0.2778,0.2778
2025-11-17 12:18:12,4099,0.0000,0.0000,0.0000,0.0000,0.2778,0.2778
2025-11-17 12:18:23,4110,0.0000,0.0000,0.0000,0.0000,0.2778,0.2778
2025-11-17 12:18:34,4120,0.0000,0.0000,0.0000,0.0000,0.2778,0.2778
2025-11-17 12:18:49,4136,0.0000,0.0000,0.0000,0.0000,0.2778,0.2778
2025-11-17 12:19:05,4152,0.0000,0.0000,0.0000,0.0000,0.2778,0.2778
2025-11-17 12:19:16,4162,0.0000,0.0000,0.0000,0.0000,0.2778,0.2778
2025-11-17 12:19:28,4173,0.0000,0.0000,0.0000,0.0000,0.2778,0.2778
2025-11-17 12:19:37,4183,0.0000,0.0000,0.0000,0.0000,0.2778,0.2778
2025-11-17 12:20:25,4232,0.0000,0.0000,0.0000,0.0000,0.2778,0.2778
2025-11-17 12:20:35,4242,0.0000,0.0000,0.0000,0.0000,0.2778,0.2778
2025-11-17 12:20:45,4252,0.0000,0.0000,0.0000,0.0000,0.2778,0.2778
2025-11-17 12:20:56,4263,0.0000,0.0000,0.0000,0.0000,0.2778,0.2778
2025-11-17 12:21:07,4273,0.0000,0.0000,0.0000,0.0000,0.2778,0.2778
2025-11-17 12:21:17,4283,0.0000,0.0000,0.0000,0.0000,0.2778,0.2778
2025-11-17 12:21:27,4294,0.0000,0.0000,0.0000,0.0000,0.2778,0.2778
2025-11-17 12:21:37,4304,0.0000,0.0000,0.0000,0.0000,0.2778,0.2778
2025-11-17 12:21:48,4314,0.0000,0.0000,0.0000,0.0000,0.2778,0.2778
2025-11-17 12:21:58,4325,0.0000,0.0000,0.0000,0.0000,0.2778,0.2778
2025-11-17 12:22:08,4335,0.0000,0.0000,0.0000,0.0000,0.2778,0.2778
2025-11-17 12:22:19,4345,0.0000,0.0000,0.0000,0.0000,0.2778,0.2778
2025-11-17 12:22:29,4355,0.0000,0.0000,0.0000,0.0000,0.2778,0.2778
2025-11-17 12:22:49,4376,0.0000,0.0000,0.0000,0.0000,0.2778,0.2778
2025-11-17 12:22:59,4386,0.0000,0.0000,0.0000,0.0000,0.2778,0.2778
2025-11-17 12:23:10,4397,0.0000,0.0000,0.0000,0.0000,0.2778,0.2778
2025-11-17 12:23:20,4407,0.0000,0.0000,0.0000,0.0000,0.2778,0.2778
2025-11-17 12:23:30,4417,0.0000,0.0000,0.0000,0.0000,0.2778,0.2778
2025-11-17 12:23:50,4437,0.0000,0.0000,0.0000,0.0000,0.2778,0.2778
2025-11-17 12:24:01,4448,0.0000,0.0000,0.0000,0.0000,0.2778,0.2778
2025-11-17 12:24:11,4458,0.0000,0.0000,0.0000,0.0000,0.2778,0.2778
2025-11-17 12:24:22,4468,0.0000,0.0000,0.0000,0.0000,0.2778,0.2778
2025-11-17 12:24:33,4479,0.0000,0.0000,0.0000,0.0000,0.2778,0.2778
2025-11-17 12:24:43,4489,0.0000,0.0000,0.0000,0.0000,0.2778,0.2778
2025-11-17 12:24:53,4499,0.0000,0.0000,0.0000,0.0000,0.2778,0.2778
2025-11-17 12:25:03,4509,0.0000,0.0000,0.0000,0.0000,0.2778,0.2778
2025-11-17 12:25:47,4554,0.0000,0.0000,0.0000,0.0000,0.2778,0.2778
2025-11-17 12:26:03,4570,0.0000,0.0000,0.0000,0.0000,0.2778,0.2778
2025-11-17 12:26:14,4580,0.0000,0.0000,0.0000,0.0000,0.2778,0.2778
2025-11-17 12:26:57,4623,0.0000,0.0000,0.0000,0.0000,0.2778,0.2778
2025-11-17 12:27:06,4633,0.0000,0.0000,0.0000,0.0000,0.2778,0.2778
2025-11-17 12:27:17,4644,0.0000,0.0000,0.0000,0.0000,0.2778,0.2778
2025-11-17 12:27:28,4654,0.0000,0.0000,0.0000,0.0000,0.2778,0.2778
2025-11-17 12:27:38,4665,0.0000,0.0000,0.0000,0.0000,0.2778,0.2778
2025-11-17 12:27:48,4675,0.0000,0.0000,0.0000,0.0000,0.2778,0.2778
2025-11-17 12:28:09,4696,0.0000,0.0000,0.0000,0.0000,0.2778,0.2778
2025-11-17 12:28:22,4706,0.0000,0.0000,0.0000,0.0000,0.2778,0.2778
2025-11-17 12:28:30,4717,0.0000,0.0000,0.0000,0.0000,0.2778,0.2778
2025-11-17 12:28:40,4727,0.0000,0.0000,0.0000,0.0000,0.2778,0.2778
2025-11-17 12:28:50,4737,0.0000,0.0000,0.0000,0.0000,0.2778,0.2778
2025-11-17 12:29:01,4747,0.0000,0.0000,0.0000,0.0000,0.2778,0.2778
2025-11-17 12:29:11,4758,0.0000,0.0000,0.0000,0.0000,0.2778,0.2778
2025-11-17 12:29:21,4768,0.0000,0.0000,0.0000,0.0000,0.2778,0.2778
2025-11-17 12:29:31,4778,0.0000,0.0000,0.0000,0.0000,0.2778,0.2778
2025-11-17 12:29:46,4793,0.0000,0.0000,0.0000,0.0000,0.2778,0.2778
2025-11-17 12:29:57,4803,0.0000,0.0000,0.0000,0.0000,0.2778,0.2778
2025-11-17 12:30:07,4814,0.0000,0.0000,0.0000,0.0000,0.2778,0.2778
2025-11-17 12:30:17,4824,0.0000,0.0000,0.0000,0.0000,0.2778,0.2778
2025-11-17 12:30:28,4834,0.0000,0.0000,0.0000,0.0000,0.2778,0.2778
2025-11-17 12:30:37,4844,0.0000,0.0000,0.0000,0.0000,0.2778,0.2778
2025-11-17 12:30:54,4861,0.0000,0.0000,0.0000,0.0000,0.2778,0.2778
2025-11-17 12:31:05,4872,0.0000,0.0000,0.0000,0.0000,0.2778,0.2778
2025-11-17 12:31:15,4882,0.0000,0.0000,0.0000,0.0000,0.2778,0.2778
2025-11-17 12:31:25,4892,0.0000,0.0000,0.0000,0.0000,0.2778,0.2778
2025-11-17 12:31:37,4903,0.0000,0.0000,0.0000,0.0000,0.2778,0.2778
2025-11-17 12:31:46,4913,0.0000,0.0000,0.0000,0.0000,0.2778,0.2778
2025-11-17 12:31:57,4923,0.0000,0.0000,0.0000,0.0000,0.2778,0.2778
2025-11-17 12:32:07,4933,0.0000,0.0000,0.0000,0.0000,0.2778,0.2778
2025-11-17 12:32:17,4944,0.0000,0.0000,0.0000,0.0000,0.2778,0.2778
2025-11-17 12:32:28,4955,0.0000,0.0000,0.0000,0.0000,0.2778,0.2778
2025-11-17 12:32:50,4977,0.0000,0.0000,0.0000,0.0000,0.2778,0.2778
2025-11-17 12:33:01,4988,0.0000,0.0000,0.0000,0.0000,0.2778,0.2778
2025-11-17 12:33:11,4998,0.0000,0.0000,0.0000,0.0000,0.2778,0.2778
2025-11-17 12:33:32,5019,0.0000,0.0000,0.0000,0.0000,0.2778,0.2778
2025-11-17 12:33:42,5029,0.0000,0.0000,0.0000,0.0000,0.2778,0.2778
2025-11-17 12:33:52,5039,0.0000,0.0000,0.0000,0.0000,0.2778,0.2778
2025-11-17 12:34:02,5049,0.0000,0.0000,0.0000,0.0000,0.2778,0.2778
2025-11-17 12:34:19,5066,0.0000,0.0000,0.0000,0.0000,0.2778,0.2778
2025-11-17 12:34:30,5076,0.0000,0.0000,0.0000,0.0000,0.2778,0.2778
2025-11-17 12:34:40,5087,0.0000,0.0000,0.0000,0.0000,0.2778,0.2778
2025-11-17 12:34:51,5097,0.0000,0.0000,0.0000,0.0000,0.2778,0.2778
2025-11-17 12:35:01,5108,0.0000,0.0000,0.0000,0.0000,0.2778,0.2778
2025-11-17 12:35:23,5130,0.0000,0.0000,0.0000,0.0000,0.2778,0.2778
2025-11-17 12:35:39,5146,0.0000,0.0000,0.0000,0.0000,0.2778,0.2778
2025-11-17 12:35:50,5157,0.0000,0.0000,0.0000,0.0000,0.2778,0.2778
2025-11-17 12:36:12,5179,0.0000,0.0000,0.0000,0.0000,0.2778,0.2778
2025-11-17 12:36:22,5189,0.0000,0.0000,0.0000,0.0000,0.2778,0.2778
2025-11-17 12:36:33,5199,0.0000,0.0000,0.0000,0.0000,0.2778,0.2778
2025-11-17 12:36:54,5221,0.0000,0.0000,0.0000,0.0000,0.2778,0.2778
2025-11-17 12:37:04,5231,0.0000,0.0000,0.0000,0.0000,0.2778,0.2778
2025-11-17 12:37:19,5246,0.0000,0.0000,0.0000,0.0000,0.2778,0.2778
2025-11-17 12:37:30,5256,0.0000,0.0000,0.0000,0.0000,0.2778,0.2778
2025-11-17 12:37:40,5266,0.0000,0.0000,0.0000,0.0000,0.2778,0.2778
2025-11-17 12:37:50,5277,0.0000,0.0000,0.0000,0.0000,0.2778,0.2778
2025-11-17 12:38:01,5288,0.0000,0.0000,0.0000,0.0000,0.2778,0.2778
2025-11-17 12:38:11,5298,0.0000,0.0000,0.0000,0.0000,0.2778,0.2778
2025-11-17 12:38:21,5308,0.0000,0.0000,0.0000,0.0000,0.2778,0.2778
2025-11-17 12:38:32,5319,0.0000,0.0000,0.0000,0.0000,0.2778,0.2778
2025-11-17 12:38:43,5330,0.0018,0.0000,0.0000,0.0000,0.0000,0.0018
2025-11-17 12:38:53,5340,0.0000,0.0000,0.0000,0.0000,0.2778,0.2778
2025-11-17 12:39:04,5350,0.0000,0.0000,0.0000,0.0000,0.2778,0.2778
2025-11-17 12:39:14,5361,0.0000,0.0000,0.0000,0.0000,0.2778,0.2778
2025-11-17 12:39:30,5377,0.0000,0.0000,0.0000,0.0000,0.2778,0.2778
2025-11-17 12:39:41,5388,0.0000,0.0000,0.0000,0.0000,0.2778,0.2778
2025-11-17 12:39:51,5398,0.0000,0.0000,0.0000,0.0000,0.2778,0.2778
2025-11-17 12:40:02,5408,0.0000,0.0000,0.0000,0.0000,0.2778,0.2778
2025-11-17 12:40:12,5419,0.0000,0.0000,0.0000,0.0000,0.2778,0.2778
2025-11-17 12:40:23,5429,0.0000,0.0000,0.0000,0.0000,0.2778,0.2778
2025-11-17 12:40:33,5439,0.0000,0.0000,0.0000,0.0000,0.2778,0.2778
2025-11-17 12:40:43,5450,0.0000,0.0000,0.0000,0.0000,0.2778,0.2778
2025-11-17 12:41:00,5465,0.0000,0.0000,0.0000,0.0000,0.2778,0.2778
2025-11-17 12:41:09,5476,0.0000,0.0000,0.0000,0.0000,0.2778,0.2778
2025-11-17 12:41:24,5490,0.0000,0.0000,0.0000,0.0000,0.2778,0.2778
2025-11-17 12:41:33,5500,0.0000,0.0000,0.0000,0.0000,0.2778,0.2778
2025-11-17 12:41:44,5511,0.0000,0.0000,0.0000,0.0000,0.2778,0.2778
2025-11-17 12:41:54,5521,0.0000,0.0000,0.0000,0.0000,0.2778,0.2778
2025-11-17 12:42:05,5532,0.0000,0.0000,0.0000,0.0000,0.2778,0.2778
2025-11-17 12:42:21,5548,0.0000,0.0000,0.0000,0.0000,0.2778,0.2778
2025-11-17 12:42:32,5558,0.0000,0.0000,0.0000,0.0000,0.2778,0.2778
2025-11-17 12:42:48,5575,0.0000,0.0000,0.0000,0.0000,0.2778,0.2778
2025-11-17 12:42:59,5585,0.0000,0.0000,0.0000,0.0000,0.2778,0.2778
2025-11-17 12:43:09,5595,0.0000,0.0000,0.0000,0.0000,0.2778,0.2778
2025-11-17 12:43:24,5611,0.0000,0.0000,0.0000,0.0000,0.2778,0.2778
2025-11-17 12:43:35,5622,0.0000,0.0000,0.0000,0.0000,0.2778,0.2778
2025-11-17 12:43:46,5632,0.0000,0.0000,0.0000,0.0000,0.2778,0.2778
2025-11-17 12:43:56,5642,0.0000,0.0000,0.0000,0.0000,0.2778,0.2778
2025-11-17 12:44:06,5653,0.0000,0.0000,0.0000,0.0000,0.2778,0.2778
2025-11-17 12:44:17,5663,0.0000,0.0000,0.0000,0.0000,0.2778,0.2778
2025-11-17 12:44:27,5673,0.0000,0.0000,0.0000,0.0000,0.2778,0.2778
2025-11-17 12:44:37,5684,0.0000,0.0000,0.0000,0.0000,0.2778,0.2778
2025-11-17 12:44:59,5706,0.0000,0.0000,0.0000,0.0000,0.2778,0.2778
2025-11-17 12:45:10,5717,0.0000,0.0000,0.0000,0.0000,0.2778,0.2778
2025-11-17 12:45:38,5745,0.0000,0.0000,0.0000,0.0000,0.2778,0.2778
2025-11-17 12:45:48,5755,0.0000,0.0000,0.0000,0.0000,0.2778,0.2778
2025-11-17 12:45:58,5765,0.0000,0.0000,0.0000,0.0000,0.2778,0.2778
2025-11-17 12:46:09,5776,0.0000,0.0000,0.0000,0.0000,0.2778,0.2778
2025-11-17 12:46:19,5786,0.0000,0.0000,0.0000,0.0000,0.2778,0.2778
2025-11-17 12:46:29,5796,0.0000,0.0000,0.0000,0.0000,0.2778,0.2778
2025-11-17 12:46:47,5813,0.0000,0.0000,0.0000,0.0000,0.2778,0.2778
2025-11-17 12:46:56,5823,0.0000,0.0000,0.0000,0.0000,0.2778,0.2778
2025-11-17 12:47:07,5834,0.0000,0.0000,0.0000,0.0000,0.2778,0.2778
2025-11-17 12:47:17,5844,0.0000,0.0000,0.0000,0.0000,0.2778,0.2778
2025-11-17 12:47:44,5871,0.0000,0.0000,0.0000,0.0000,0.2778,0.2778
2025-11-17 12:47:55,5882,0.0000,0.0000,0.0000,0.0000,0.2778,0.2778
2025-11-17 12:48:05,5892,0.0000,0.0000,0.0000,0.0000,0.2778,0.2778
2025-11-17 12:48:16,5902,0.0000,0.0000,0.0000,0.0000,0.2778,0.2778
2025-11-17 12:48:27,5912,0.0000,0.0000,0.0000,0.0000,0.2778,0.2778
2025-11-17 12:48:49,5934,0.0000,0.0000,0.0000,0.0000,0.2778,0.2778
2025-11-17 12:48:58,5945,0.0000,0.0000,0.0000,0.0000,0.2778,0.2778
2025-11-17 12:49:08,5955,0.0000,0.0000,0.0000,0.0000,0.2778,0.2778
2025-11-17 12:49:18,5965,0.0000,0.0000,0.0000,0.0000,0.2778,0.2778
2025-11-17 12:49:29,5976,0.0000,0.0000,0.0000,0.0000,0.2778,0.2778
2025-11-17 12:49:39,5986,0.0000,0.0000,0.0000,0.0000,0.2778,0.2778
2025-11-17 12:50:01,6008,0.0000,0.0000,0.0000,0.0000,0.2778,0.2778
2025-11-17 12:50:12,6018,0.0000,0.0000,0.0000,0.0000,0.2778,0.2778
2025-11-17 12:50:34,6041,0.0000,0.0000,0.0000,0.0000,0.2778,0.2778
2025-11-17 12:50:45,6052,0.0000,0.0000,0.0000,0.0000,0.2778,0.2778
2025-11-17 12:50:56,6063,0.0000,0.0000,0.0000,0.0000,0.2778,0.2778
2025-11-17 12:51:07,6073,0.0000,0.0000,0.0000,0.0000,0.2778,0.2778
2025-11-17 12:51:16,6083,0.0000,0.0000,0.0000,0.0000,0.2778,0.2778
2025-11-17 12:51:27,6093,0.0017,0.0000,0.0000,0.0000,0.2778,0.2794
2025-11-17 12:51:37,6104,0.0085,0.0000,0.0000,0.0000,0.2778,0.2863
2025-11-17 12:51:47,6114,0.0017,0.0000,0.0000,0.0000,0.0000,0.0017
2025-11-17 12:51:57,6124,0.0000,0.0000,0.0000,0.0000,0.2778,0.2778
2025-11-17 12:52:07,6134,0.0000,0.0000,0.0000,0.0000,0.2778,0.2778
2025-11-17 12:52:18,6144,0.0000,10.8100,0.0000,0.0000,0.2778,11.0878
2025-11-17 12:52:28,6155,0.0000,0.1656,0.0000,0.0000,0.2778,0.4433
2025-11-17 12:52:38,6165,0.0000,0.0000,0.0000,0.0000,0.2778,0.2778
2025-11-17 12:52:54,6181,0.0000,0.0000,0.0000,0.0000,0.2778,0.2778
2025-11-17 12:53:04,6191,0.0000,0.0000,0.0000,0.0000,0.2778,0.2778
2025-11-17 12:53:14,6201,0.0000,0.0000,0.0000,0.0000,0.2778,0.2778
2025-11-17 12:53:25,6212,0.0000,0.0000,0.0000,0.0000,0.2778,0.2778
2025-11-17 12:53:35,6222,0.0000,0.0000,0.0000,0.0000,0.2778,0.2778
2025-11-17 12:53:57,6244,0.0000,0.0000,0.0000,0.0000,0.2778,0.2778
2025-11-17 12:54:09,6255,0.0000,0.0000,0.0000,0.0000,0.2778,0.2778
2025-11-17 12:54:19,6266,0.0000,0.0000,0.0000,0.0000,0.2778,0.2778
2025-11-17 12:54:41,6288,0.0000,0.0000,0.0000,0.0000,0.2778,0.2778
2025-11-17 12:54:52,6299,0.0000,0.0000,0.0000,0.0000,0.2778,0.2778
2025-11-17 12:55:02,6309,0.0000,0.0000,0.0000,0.0000,0.2778,0.2778
2025-11-17 12:55:13,6319,0.0000,0.0000,0.0000,0.0000,0.2778,0.2778
2025-11-17 12:55:23,6330,0.0000,0.0000,0.0000,0.0000,0.2778,0.2778
2025-11-17 12:55:33,6340,0.0000,0.0000,0.0000,0.0000,0.2778,0.2778
2025-11-17 12:55:44,6350,0.0000,0.0000,0.0000,0.0000,0.2778,0.2778
2025-11-17 12:55:54,6361,0.0000,0.0000,0.0000,0.0000,0.2778,0.2778
2025-11-17 12:56:04,6371,0.0000,0.0000,0.0000,0.0000,0.2778,0.2778
2025-11-17 12:56:15,6382,0.0000,0.0000,0.0000,0.0000,0.2778,0.2778
2025-11-17 12:56:36,6403,0.0000,0.0000,0.0000,0.0000,0.2778,0.2778
2025-11-17 12:57:04,6431,0.0000,0.0000,0.0000,0.0000,0.2778,0.2778
2025-11-17 12:57:15,6441,0.0000,0.0000,0.0000,0.0000,0.2778,0.2778
2025-11-17 12:57:25,6452,0.0000,0.0000,0.0000,0.0000,0.2778,0.2778
2025-11-17 12:57:36,6462,0.0000,0.0000,0.0000,0.0000,0.2778,0.2778
2025-11-17 12:58:07,6494,0.0000,0.0000,0.0000,0.0000,0.2778,0.2778
2025-11-17 12:58:18,6505,0.0000,0.0000,0.0000,0.0000,0.2778,0.2778
2025-11-17 12:58:44,6531,0.0000,0.0000,0.0000,0.0000,0.2778,0.2778
2025-11-17 12:58:55,6542,0.0000,0.0000,0.0000,0.0000,0.2778,0.2778
2025-11-17 12:59:05,6552,0.0000,0.0000,0.0000,0.0000,0.2778,0.2778
2025-11-17 12:59:20,6567,0.0000,0.0000,0.0000,0.0000,0.2778,0.2778
2025-11-17 12:59:31,6578,0.0000,0.0000,0.0000,0.0000,0.2778,0.2778
2025-11-17 12:59:42,6588,0.0000,0.0000,0.0000,0.0000,0.2778,0.2778
2025-11-17 12:59:52,6599,0.0000,0.0000,0.0000,0.0000,0.2778,0.2778
2025-11-17 13:00:02,6609,0.0000,0.0000,0.0000,0.0000,0.2778,0.2778
2025-11-17 13:00:13,6619,0.0000,0.0000,0.0000,0.0000,0.2778,0.2778
2025-11-17 13:00:41,6647,0.0000,0.0000,0.0000,0.0000,0.2778,0.2778
2025-11-17 13:00:50,6657,0.0000,0.0000,0.0000,0.0000,0.2778,0.2778
2025-11-17 13:01:09,6675,0.0017,0.0000,0.0000,0.0000,0.0000,0.0017
2025-11-17 13:01:19,6686,0.0000,0.0000,0.0000,0.0000,0.2778,0.2778
2025-11-17 13:01:29,6696,0.0034,0.0000,0.0000,0.0000,0.2778,0.2812
2025-11-17 13:01:40,6706,0.0000,0.0000,0.0000,0.0000,0.2778,0.2778
2025-11-17 13:01:55,6722,0.0000,0.0000,0.0000,0.0000,0.2778,0.2778
2025-11-17 13:02:06,6733,0.0000,0.0000,0.0000,0.0000,0.2778,0.2778
2025-11-17 13:02:16,6743,0.0000,0.0000,0.0000,0.0000,0.2778,0.2778
2025-11-17 13:02:27,6754,0.0000,0.0000,0.0000,0.0000,0.2778,0.2778
2025-11-17 13:02:38,6764,0.0000,0.0000,0.0000,0.0000,0.2778,0.2778
2025-11-17 13:02:47,6774,0.0000,0.0000,0.0000,0.0000,0.2778,0.2778
2025-11-17 13:03:01,6788,0.0000,0.0000,0.0000,0.0000,0.2778,0.2778
2025-11-17 13:03:13,6799,0.0000,0.0000,0.0000,0.0000,0.2778,0.2778
2025-11-17 13:03:23,6810,0.0000,0.0000,0.0000,0.0000,0.2778,0.2778
2025-11-17 13:03:34,6820,0.0000,0.0000,0.0000,0.0000,0.2778,0.2778
2025-11-17 13:03:44,6831,0.0000,0.0000,0.0000,0.0000,0.2778,0.2778
2025-11-17 13:03:55,6841,0.0000,0.0000,0.0000,0.0000,0.2778,0.2778
2025-11-17 13:04:11,6857,0.0000,0.0000,0.0000,0.0000,0.2778,0.2778
2025-11-17 13:04:21,6868,0.0000,0.0000,0.0000,0.0000,0.2778,0.2778
2025-11-17 13:04:32,6878,0.0000,0.0000,0.0000,0.0000,0.2778,0.2778
2025-11-17 13:04:42,6888,0.0000,0.0000,0.0000,0.0000,0.2778,0.2778
2025-11-17 13:04:52,6899,0.0000,0.0000,0.0000,0.0000,0.2778,0.2778
2025-11-17 13:05:03,6909,0.0000,0.0000,0.0000,0.0000,0.2778,0.2778
2025-11-17 13:05:21,6926,0.0000,0.0000,0.0000,0.0000,0.2778,0.2778
2025-11-17 13:05:37,6943,0.0000,0.0000,0.0000,0.0000,0.2778,0.2778
2025-11-17 13:05:46,6953,0.0000,0.0000,0.0000,0.0000,0.2778,0.2778
2025-11-17 13:05:57,6963,0.0000,0.0000,0.0000,0.0000,0.2778,0.2778
2025-11-17 13:06:30,6996,0.0000,0.0000,0.0000,0.0000,0.2778,0.2778
2025-11-17 13:06:39,7006,0.0000,0.0000,0.0000,0.0000,0.2778,0.2778
2025-11-17 13:06:54,7021,0.0000,0.0000,0.0000,0.0000,0.2778,0.2778
2025-11-17 13:07:05,7032,0.0000,0.0000,0.0000,0.0000,0.2778,0.2778
2025-11-17 13:07:56,7082,0.0000,0.0000,0.0000,0.0000,0.2778,0.2778
2025-11-17 13:08:05,7092,0.0000,0.0000,0.0000,0.0000,0.2778,0.2778
2025-11-17 13:08:16,7102,0.0000,0.0000,0.0000,0.0000,0.2778,0.2778
2025-11-17 13:08:26,7112,0.0000,0.0000,0.0000,0.0000,0.2778,0.2778
2025-11-17 13:08:36,7122,0.0000,0.0000,0.0000,0.0000,0.2778,0.2778
2025-11-17 13:08:46,7133,0.0000,0.0000,0.0000,0.0000,0.2778,0.2778
2025-11-17 13:08:57,7144,0.0000,0.0000,0.0000,0.0000,0.2778,0.2778
2025-11-17 13:09:07,7154,0.0000,0.0000,0.0000,0.0000,0.2778,0.2778
2025-11-17 13:09:17,7164,0.0000,0.0000,0.0000,0.0000,0.2778,0.2778
2025-11-17 13:09:28,7175,0.0000,0.0000,0.0000,0.0000,0.2778,0.2778
2025-11-17 13:09:38,7185,0.0000,0.0000,0.0000,0.0000,0.2778,0.2778
2025-11-17 13:09:48,7195,0.0000,0.0000,0.0000,0.0000,0.2778,0.2778
2025-11-17 13:10:22,7228,0.0000,0.0000,0.0000,0.0000,0.2778,0.2778
2025-11-17 13:10:32,7238,0.0000,0.0000,0.0000,0.0000,0.2778,0.2778
2025-11-17 13:10:42,7249,0.0000,0.0000,0.0000,0.0000,0.2778,0.2778
2025-11-17 13:10:52,7259,0.0000,0.0000,0.0000,0.0000,0.2778,0.2778
2025-11-17 13:11:03,7269,0.0000,0.0000,0.0000,0.0000,0.2778,0.2778
2025-11-17 13:11:13,7280,0.0000,0.0000,0.0000,0.0000,0.2778,0.2778
2025-11-17 13:11:24,7291,0.0000,0.0000,0.0000,0.0000,0.2778,0.2778
2025-11-17 13:11:34,7301,0.0000,0.0000,0.0000,0.0000,0.2778,0.2778
2025-11-17 13:11:44,7311,0.0000,0.0000,0.0000,0.0000,0.2778,0.2778
2025-11-17 13:11:54,7321,0.0000,0.0000,0.0000,0.0000,0.2778,0.2778
2025-11-17 13:12:05,7331,0.0000,0.0000,0.0000,0.0000,0.2778,0.2778
2025-11-17 13:12:16,7342,0.0000,0.0000,0.0000,0.0000,0.2778,0.2778
2025-11-17 13:12:54,7381,0.0000,0.0000,0.0000,0.0000,0.2778,0.2778
2025-11-17 13:13:04,7391,0.0000,0.0000,0.0000,0.0000,0.2778,0.2778
2025-11-17 13:13:25,7412,0.0000,0.0000,0.0000,0.0000,0.2778,0.2778
2025-11-17 13:13:35,7422,0.0000,0.0000,0.0000,0.0000,0.2778,0.2778
2025-11-17 13:13:45,7432,0.0000,0.0000,0.0000,0.0000,0.2778,0.2778
2025-11-17 13:13:58,7442,0.0000,0.0000,0.0000,0.0000,0.2778,0.2778
2025-11-17 13:14:13,7460,0.0000,0.0000,0.0000,0.0000,0.2778,0.2778
2025-11-17 13:14:37,7484,0.0000,0.0000,0.0000,0.0000,0.2778,0.2778
2025-11-17 13:14:48,7495,0.0000,0.0000,0.0000,0.0000,0.2778,0.2778
2025-11-17 13:15:00,7506,0.0000,0.0000,0.0000,0.0000,0.2778,0.2778
2025-11-17 13:15:09,7516,0.0000,0.0000,0.0000,0.0000,0.2778,0.2778
2025-11-17 13:15:19,7526,0.0000,0.0000,0.0000,0.0000,0.2778,0.2778
2025-11-17 13:15:29,7536,0.0000,0.0000,0.0000,0.0000,0.2778,0.2778
2025-11-17 13:15:40,7546,0.0000,0.0000,0.0000,0.0000,0.2778,0.2778
2025-11-17 13:15:50,7557,0.0000,0.0000,0.0000,0.0000,0.2778,0.2778
2025-11-17 13:16:00,7567,0.0000,0.0000,0.0000,0.0000,0.2778,0.2778
2025-11-17 13:16:11,7578,0.0000,0.0000,0.0000,0.0000,0.2778,0.2778
2025-11-17 13:16:22,7588,0.0000,0.0000,0.0000,0.0000,0.2778,0.2778
2025-11-17 13:16:32,7598,0.0000,0.0000,0.0000,0.0000,0.2778,0.2778
2025-11-17 13:16:44,7609,0.0000,0.0000,0.0000,0.0000,0.2778,0.2778
2025-11-17 13:16:52,7619,0.0000,0.0000,0.0000,0.0000,0.2778,0.2778
2025-11-17 13:17:04,7629,0.0000,0.0000,0.0000,0.0000,0.2778,0.2778
2025-11-17 13:17:13,7640,0.0000,0.0000,0.0000,0.0000,0.2778,0.2778
2025-11-17 13:17:24,7650,0.0000,0.0000,0.0000,0.0000,0.2778,0.2778
2025-11-17 13:17:40,7665,0.0000,0.0000,0.0000,0.0000,0.2778,0.2778
2025-11-17 13:17:48,7675,0.0000,0.0000,0.0000,0.0000,0.2778,0.2778
2025-11-17 13:18:25,7712,0.0000,0.0000,0.0000,0.0000,0.2778,0.2778
2025-11-17 13:18:36,7723,0.0000,0.0000,0.0000,0.0000,0.2778,0.2778
2025-11-17 13:18:53,7739,0.0000,0.0000,0.0000,0.0000,0.2778,0.2778
2025-11-17 13:19:03,7750,0.0000,0.0000,0.0000,0.0000,0.2778,0.2778
2025-11-17 13:19:14,7760,0.0000,0.0000,0.0000,0.0000,0.2778,0.2778
2025-11-17 13:19:24,7770,0.0000,0.0000,0.0000,0.0000,0.2778,0.2778
2025-11-17 13:19:34,7780,0.0000,0.0000,0.0000,0.0000,0.2778,0.2778
2025-11-17 13:19:45,7790,0.0000,0.0000,0.0000,0.0000,0.2778,0.2778
2025-11-17 13:20:07,7812,0.0000,0.0000,0.0000,0.0000,0.2778,0.2778
2025-11-17 13:20:16,7823,0.0000,0.0000,0.0000,0.0000,0.2778,0.2778
2025-11-17 13:20:27,7833,0.0000,0.0000,0.0000,0.0000,0.2778,0.2778
2025-11-17 13:20:37,7844,0.0000,0.0000,0.0000,0.0000,0.2778,0.2778
2025-11-17 13:20:49,7854,0.0000,0.0000,0.0000,0.0000,0.2778,0.2778
2025-11-17 13:21:15,21,0.0000,0.0000,0.0000,0.0000,0.2778,0.2778
2025-11-17 13:21:25,31,0.0000,0.0000,0.0000,0.0000,0.2778,0.2778
2025-11-17 13:22:03,70,0.0000,0.0000,0.0000,0.0000,0.2778,0.2778
2025-11-17 13:22:15,81,0.0000,0.0000,0.0000,0.0000,0.2778,0.2778
2025-11-17 13:22:24,91,0.0000,0.0000,0.0000,0.0000,0.2778,0.2778
2025-11-17 13:22:35,101,0.0000,0.0000,0.0000,0.0000,0.2778,0.2778
2025-11-17 13:22:46,111,0.0000,0.0000,0.0000,0.0000,0.2778,0.2778
2025-11-17 13:22:55,121,0.0000,0.0000,0.0000,0.0000,0.2778,0.2778
2025-11-17 13:23:11,136,0.0000,0.0000,0.0000,0.0000,0.2778,0.2778
2025-11-17 13:23:20,147,0.0000,0.0000,0.0000,0.0000,0.2778,0.2778
2025-11-17 13:23:31,158,0.0000,0.0000,0.0000,0.0000,0.2778,0.2778
2025-11-17 13:23:41,168,0.0000,0.0000,0.0000,0.0000,0.2778,0.2778
2025-11-17 13:24:08,195,0.0000,0.0000,0.0000,0.0000,0.2778,0.2778
2025-11-17 13:24:21,206,0.0000,0.0000,0.0000,0.0000,0.2778,0.2778
2025-11-17 13:24:41,227,0.0000,0.0000,0.0000,0.0000,0.2778,0.2778
2025-11-17 13:24:51,238,0.0000,0.0000,0.0000,0.0000,0.2778,0.2778
2025-11-17 13:25:02,248,0.0000,0.0000,0.0000,0.0000,0.2778,0.2778
2025-11-17 13:25:12,258,0.0000,0.0000,0.0000,0.0000,0.2778,0.2778
2025-11-17 13:25:22,268,0.0000,0.0000,0.0000,0.0000,0.2778,0.2778
2025-11-17 13:25:33,279,0.0000,0.0000,0.0000,0.0000,0.2778,0.2778
2025-11-17 13:25:43,290,0.0000,0.0000,0.0000,0.0000,0.2778,0.2778
2025-11-17 13:25:53,300,0.0000,0.0000,0.0000,0.0000,0.2778,0.2778
2025-11-17 13:26:03,310,0.0000,0.0000,0.0000,0.0000,0.2778,0.2778
2025-11-17 13:26:14,321,0.0000,0.0000,0.0000,0.0000,0.2778,0.2778
2025-11-17 13:26:25,331,0.0000,0.0000,0.0000,0.0000,0.2778,0.2778
2025-11-17 13:26:35,342,0.0000,0.0000,0.0000,0.0000,0.2778,0.2778
2025-11-17 13:26:46,352,0.0000,0.0000,0.0000,0.0000,0.2778,0.2778
2025-11-17 13:26:56,363,0.0000,0.0000,0.0000,0.0000,0.2778,0.2778
2025-11-17 13:27:07,373,0.0000,0.0000,0.0000,0.0000,0.2778,0.2778
2025-11-17 13:27:18,384,0.0000,0.0000,0.0000,0.0000,0.2778,0.2778
2025-11-17 13:27:28,394,0,0,0,0,0.2778,0.2778
2025-11-17 13:27:38,405,0.0000,0.0000,0.0000,0.0000,0.2778,0.2778
2025-11-17 13:27:49,416,0.0000,0.0000,0.0000,0.0000,0.2778,0.2778
2025-11-17 13:28:01,427,0.0000,0.0000,0.0000,0.0000,0.2778,0.2778
2025-11-17 13:28:11,437,0.0000,0.0000,0.0000,0.0000,0.2778,0.2778
2025-11-17 13:28:21,447,0.0000,0.0000,0.0000,0.0000,0.2778,0.2778
2025-11-17 13:28:47,473,0.0000,0.0000,0.0000,0.0000,0.2778,0.2778
2025-11-17 13:29:09,496,0.0000,0.0000,0.0000,0.0000,0.2778,0.2778
2025-11-17 13:29:19,506,0.0000,0.0000,0.0000,0.0000,0.2778,0.2778
2025-11-17 13:29:40,526,0.0000,0.0000,0.0000,0.0000,0.2778,0.2778
2025-11-17 13:30:07,554,0.0000,0.0000,0.0000,0.0000,0.2778,0.2778
2025-11-17 13:30:18,564,0.0000,0.0000,0.0000,0.0000,0.2778,0.2778
2025-11-17 13:30:33,580,0.0000,0.0000,0.0000,0.0000,0.2778,0.2778
2025-11-17 13:30:43,590,0.0000,0.0000,0.0000,0.0000,0.2778,0.2778
2025-11-17 13:31:04,610,0.0000,0.0000,0.0000,0.0000,0.2778,0.2778
2025-11-17 13:31:14,620,0.0000,0.0000,0.0000,0.0000,0.2778,0.2778
2025-11-17 13:31:24,631,0.0000,0.0000,0.0000,0.0000,0.2778,0.2778
2025-11-17 13:31:34,641,0.0000,0.0000,0.0000,0.0000,0.2778,0.2778
2025-11-17 13:31:45,651,0.0000,0.0000,0.0000,0.0000,0.2778,0.2778
2025-11-17 13:31:56,662,0.0000,0.0000,0.0000,0.0000,0.2778,0.2778
2025-11-17 13:32:06,672,0.0000,0.0000,0.0000,0.0000,0.2778,0.2778
2025-11-17 13:32:16,683,0.0000,0.0000,0.0000,0.0000,0.2778,0.2778
2025-11-17 13:32:32,699,0.0000,0.0000,0.0000,0.0000,0.2778,0.2778
2025-11-17 13:33:11,737,0.0000,0.0000,0.0000,0.0000,0.2778,0.2778
2025-11-17 13:33:33,759,0.0000,0.0000,0.0000,0.0000,0.2778,0.2778
2025-11-17 13:33:49,776,0.0000,0.0000,0.0000,0.0000,0.2778,0.2778
2025-11-17 13:34:00,786,0.0000,0.0000,0.0000,0.0000,0.2778,0.2778
2025-11-17 13:34:09,796,0.0000,0.0000,0.0000,0.0000,0.2778,0.2778
2025-11-17 13:34:20,807,0.0000,0.0000,0.0000,0.0000,0.2778,0.2778
2025-11-17 13:34:30,817,0.0000,0.0000,0.0000,0.0000,0.2778,0.2778
2025-11-17 13:34:41,827,0.0000,0.0000,0.0000,0.0000,0.2778,0.2778
2025-11-17 13:34:52,838,0.0000,0.0000,0.0000,0.0000,0.2778,0.2778
2025-11-17 13:35:03,849,0.0000,0.0000,0.0000,0.0000,0.2778,0.2778
2025-11-17 13:35:13,859,0.0000,0.0000,0.0000,0.0000,0.2778,0.2778
2025-11-17 13:35:44,891,0.0000,0.0000,0.0000,0.0000,0.2778,0.2778
2025-11-17 13:35:55,901,0.0000,0.0000,0.0000,0.0000,0.2778,0.2778
2025-11-17 13:36:05,912,0.0000,0.0000,0.0000,0.0000,0.2778,0.2778
2025-11-17 13:36:15,922,0.0000,0.0000,0.0000,0.0000,0.2778,0.2778
2025-11-17 13:36:25,932,0.0000,0.0000,0.0000,0.0000,0.2778,0.2778
2025-11-17 13:36:36,943,0.0000,0.0000,0.0000,0.0000,0.2778,0.2778
2025-11-17 13:36:51,958,0.0000,0.0000,0.0000,0.0000,0.2778,0.2778
2025-11-17 13:37:02,969,0.0000,0.0000,0.0000,0.0000,0.2778,0.2778
2025-11-17 13:37:13,979,0.0000,0.0000,0.0000,0.0000,0.2778,0.2778
2025-11-17 13:37:23,989,0.0000,0.0000,0.0000,0.0000,0.2778,0.2778
2025-11-17 13:37:33,999,0.0000,0.0000,0.0000,0.0000,0.2778,0.2778
2025-11-17 13:37:43,1010,0.0000,0.0000,0.0000,0.0000,0.2778,0.2778
2025-11-17 13:37:54,1020,0.0000,0.0000,0.0000,0.0000,0.2778,0.2778
2025-11-17 13:38:03,1030,0.0000,0.0000,0.0000,0.0000,0.2778,0.2778
2025-11-17 13:38:24,1051,0.0000,0.0000,0.0000,0.0000,0.2778,0.2778
2025-11-17 13:38:46,1073,0.0000,0.0000,0.0000,0.0000,0.2778,0.2778
2025-11-17 13:38:56,1083,0.0000,0.0000,0.0000,0.0000,0.2778,0.2778
2025-11-17 13:39:07,1094,0.0000,0.0000,0.0000,0.0000,0.2778,0.2778
2025-11-17 13:39:17,1104,0.0000,0.0000,0.0000,0.0000,0.2778,0.2778
2025-11-17 13:39:27,1114,0.0000,0.0000,0.0000,0.0000,0.2778,0.2778
2025-11-17 13:39:37,1124,0.0000,0.0000,0.0000,0.0000,0.2778,0.2778
2025-11-17 13:39:48,1134,0.0000,0.0000,0.0000,0.0000,0.2778,0.2778
2025-11-17 13:39:58,1145,0.0000,0.0000,0.0000,0.0000,0.2778,0.2778
2025-11-17 13:40:09,1155,0.0000,0.0000,0.0000,0.0000,0.2778,0.2778
2025-11-17 13:40:19,1166,0.0000,0.0000,0.0000,0.0000,0.2778,0.2778
2025-11-17 13:40:29,1176,0.0000,0.0000,0.0000,0.0000,0.2778,0.2778
2025-11-17 13:40:40,1186,0.0000,0.0000,0.0000,0.0000,0.2778,0.2778
2025-11-17 13:40:50,1197,0.0000,0.0000,0.0000,0.0000,0.2778,0.2778
2025-11-17 13:41:02,1209,0.0018,0.0000,0.0000,0.0000,0.0000,0.0018
2025-11-17 13:41:13,1219,0.0000,0.0000,0.0000,0.0000,0.2778,0.2778
2025-11-17 13:41:23,1230,0.0017,0.0000,0.0000,0.0000,0.0000,0.0017
2025-11-17 13:41:34,1240,0.0034,0.0000,0.0000,0.0000,0.2778,0.2812
2025-11-17 13:41:44,1251,0.0171,0.0000,0.0000,0.0000,0.0000,0.0171
2025-11-17 13:41:54,1261,0.0085,0.0000,0.0000,0.0000,0.0000,0.0085
2025-11-17 13:42:05,1272,0.0000,0.0000,0.0000,0.0000,0.2778,0.2778
2025-11-17 13:42:15,1282,0.0270,0.0000,0.0000,0.0000,0.0000,0.0270
2025-11-17 13:42:26,1293,0.0292,0.0000,0.0000,0.0000,0.2778,0.3070
2025-11-17 13:42:36,1303,0.0085,0.0000,0.0000,10.7253,0.2778,11.0116
2025-11-17 13:42:46,1313,0.0085,0.0000,0.0000,0.0000,0.0000,0.0085
2025-11-17 13:54:27,15,0.0137,0.0000,0.0000,0.0000,0.0000,0.0137
2025-11-17 13:54:38,25,0.0137,0.0000,0.0000,0.0000,0.2778,0.2915
2025-11-17 13:54:49,36,0.0085,0.0000,0.0000,0.0000,0.2778,0.2863
2025-11-17 13:54:58,46,0.0085,0.0000,0.0000,0.0000,0.0000,0.0085
2025-11-17 13:55:10,56,0.0085,0.0000,0.0000,0.0000,0.2778,0.2863
2025-11-17 13:55:19,67,0.0085,0.0000,0.0000,0.0000,0.0000,0.0085
2025-11-17 13:55:40,88,0.0086,0.0000,0.0000,0.0000,0.2778,0.2864
2025-11-17 13:55:50,98,0.0085,0.0000,0.0000,0.0000,0.2778,0.2863
2025-11-17 13:56:00,108,0.0085,0.0000,0.0000,0.0000,0.2778,0.2863
2025-11-17 13:56:11,119,0.0000,0.0000,0.0000,0.0000,0.2778,0.2778
2025-11-17 13:56:21,129,0.0085,0.0000,0.0000,0.0000,0.0000,0.0085
2025-11-17 13:56:31,139,0.0017,0.0000,0.0000,0.0000,0.2778,0.2794
2025-11-17 13:56:42,149,0.0085,0.0000,0.0000,0.0000,0.2778,0.2863
2025-11-17 13:56:51,159,0.0085,0.0000,0.0000,0.0000,0.2778,0.2863
2025-11-17 13:57:02,170,0.0085,0.0000,0.0000,0.0000,0.2778,0.2863
2025-11-17 13:57:12,180,0.0085,0.0000,0.0000,0.0000,0.2778,0.2863
2025-11-17 13:57:23,190,0.0051,0.0000,0.0000,0.0000,0.2778,0.2829
2025-11-17 13:57:33,201,0.0085,0.0000,0.0000,0.0000,0.0000,0.0085
2025-11-17 13:57:43,211,0.0085,0.0000,0.0000,0.0000,0.2778,0.2863
2025-11-17 13:57:54,222,0.0085,0.0000,0.0000,0.0000,0.2778,0.2863
2025-11-17 13:58:04,232,0.0085,0.0000,0.0000,0.0000,0.2778,0.2863
2025-11-17 13:58:15,242,0.0000,0.0000,0.0000,0.0000,0.2778,0.2778
2025-11-17 13:58:25,253,0.0302,0.1772,0.0000,0.0000,0.2778,0.4852
2025-11-17 13:58:35,263,0.0000,0.0000,0.0000,0.0000,0.2778,0.2778
2025-11-17 13:58:45,273,0.0000,0.1650,0.0000,0.0000,0.2778,0.4428
2025-11-17 13:58:56,283,0.0085,0.1772,0.0000,0.0000,0.2778,0.4635
2025-11-17 13:59:06,294,0.0085,0.1772,0.0000,0.0000,0.2778,0.4635
2025-11-17 13:59:17,304,0.0085,0.0000,0.0000,0.0000,0.2778,0.2863
2025-11-17 13:59:27,315,0.0085,0.0000,0.0000,0.0000,0.2778,0.2863
2025-11-17 13:59:37,325,0.0000,0.1650,0.0000,0.0000,0.2778,0.4428
2025-11-17 13:59:48,336,0.0085,0.1772,0.0000,0.0000,0.0000,0.1857
2025-11-17 14:00:01,346,0.0085,0.1772,0.0000,0.0000,0.0000,0.1857
2025-11-17 14:00:08,356,0.0000,0.1764,0.0000,0.0000,0.0000,0.1764
2025-11-17 14:00:19,367,0.0085,0.0000,0.0000,0.0000,0.0000,0.0085
2025-11-17 14:00:40,387,0.0000,0.1650,0.0000,0.0000,0.2778,0.4428
2025-11-17 14:00:49,397,0.0085,0.1775,0.0000,0.0000,0.0000,0.1860
2025-11-17 14:01:00,408,0.0085,0.0000,0.0000,0.0000,0.2778,0.2863
2025-11-17 14:01:10,418,0.0085,0.3428,0.0000,0.0000,0.2778,0.6291
2025-11-17 14:01:21,428,0.0085,0.1653,0.0000,0.0000,0.2778,0.4516
2025-11-17 14:01:31,439,0.0085,0.1658,0.0000,0.0000,0.0000,0.1744
2025-11-17 14:01:41,449,0.0085,0.1650,0.0000,0.0000,0.2778,0.4513
2025-11-17 14:01:52,460,0.0051,0.0000,0.0000,0.0000,0.2778,0.2829
2025-11-17 14:02:02,470,0.0085,0.1772,0.0000,0.0000,0.2778,0.4635
2025-11-17 14:02:12,480,0.0085,0.1772,0.0000,0.0000,0.2778,0.4635
2025-11-17 14:02:23,491,0.0085,0.1769,0.0000,0.0000,0.0000,0.1855
2025-11-17 14:02:33,501,0.0000,0.1769,0.0000,0.0000,0.0000,0.1769
2025-11-17 14:02:44,512,0.0085,0.1658,0.0000,0.0000,0.2778,0.4521
2025-11-17 14:02:56,522,0.0000,0.5197,0.0000,0.0000,0.2778,0.7975
2025-11-17 14:03:04,532,0.0000,0.3431,0.0000,0.0000,0.2778,0.6208
2025-11-17 14:03:14,542,0.0085,0.3425,0.0000,0.0000,0.0000,0.3510
2025-11-17 14:03:25,553,0.0051,0.3433,0.0000,0.0000,0.2778,0.6262
2025-11-17 14:03:35,563,0.0085,0.3425,0.0000,0.0000,0.2778,0.6288
2025-11-17 14:03:46,573,0.0051,1.0275,0.0000,0.0000,0.0000,1.0326
2025-11-17 14:03:56,584,0.0182,0.1761,0.0000,0.0000,0.2778,0.4721
2025-11-17 14:04:09,594,0.0000,0.5178,0.0000,0.0000,0.0000,0.5178
2025-11-17 14:04:17,605,0.0000,0.1653,0.0000,0.0000,0.0000,0.1653
2025-11-17 14:04:27,615,0.0000,0.3411,0.0000,0.0000,0.2778,0.6189
2025-11-17 14:04:38,626,0.0000,0.1647,0.0000,0.0000,0.2778,0.4425
2025-11-17 14:04:48,636,0.0000,0.5067,0.0000,0.0000,0.2778,0.7844
2025-11-17 14:04:58,646,0.0000,1.3661,0.0000,0.0000,0.2778,1.6439
2025-11-17 14:05:09,657,0.0085,1.0281,0.0000,0.0000,0.2778,1.3144
2025-11-17 14:05:19,667,0.0000,0.3425,0.0000,0.0000,0.2778,0.6203
2025-11-17 14:05:30,678,0.0103,0.0000,0.0000,0.0000,0.2778,0.2881
2025-11-17 14:05:40,688,0.0119,0.0000,0.0000,0.0000,0.2778,0.2897
2025-11-17 14:05:50,698,0.0085,0.0000,0.0000,0.0000,0.0000,0.0085
2025-11-17 14:06:27,735,0.0086,0.0000,0.0000,0.0000,0.0000,0.0086
2025-11-17 14:06:39,745,0.0000,0.0000,0.0000,0.0000,0.2778,0.2778
2025-11-17 14:06:48,756,0.0000,0.0000,0.0000,0.0000,0.2778,0.2778
2025-11-17 14:07:00,767,0.0000,0.0000,0.0000,0.0000,0.2778,0.2778
2025-11-17 14:07:14,782,0.0000,0.0000,0.0000,6.4321,0.0000,6.4321
2025-11-17 14:07:25,792,0.0018,0.0000,0.0000,0.0000,0.2778,0.2796
2025-11-17 14:07:35,803,0.0051,0.0000,0.0000,0.0000,0.2778,0.2829
2025-11-17 14:07:45,813,0.0085,0.0000,0.0000,0.0000,0.0000,0.0085
2025-11-17 14:07:56,824,0.0085,0.0000,0.0000,0.0000,0.0000,0.0085
2025-11-17 14:08:09,834,0.0085,0.0000,0.0000,0.0000,0.2778,0.2863
2025-11-17 14:08:17,845,0.0085,0.0000,0.0000,0.0000,0.2778,0.2863
2025-11-17 14:08:27,855,0.0051,0.0000,0.0000,0.0000,0.2778,0.2829
2025-11-17 14:08:38,865,0.0182,0.0000,0.0000,0.6288,0.2778,0.9248
2025-11-17 14:08:48,876,0.0085,0.0000,0.0000,0.0000,0.2778,0.2863
2025-11-17 14:09:00,886,0.0051,0.0000,0.0000,0.0000,0.2778,0.2829
2025-11-17 14:09:09,897,0.0221,0.0000,0.0000,0.0000,0.2778,0.2999
2025-11-17 14:09:19,907,0.0178,0.0000,0.0000,0.0000,0.2778,0.2956
2025-11-17 14:09:29,917,0.0085,68.8433,0.0000,0.0000,0.0000,68.8519
2025-11-17 14:09:40,928,0.0017,0.0000,0.0000,0.0000,0.0000,0.0017
2025-11-17 14:09:51,938,0.0085,0.0000,0.0000,0.0000,0.0000,0.0085
2025-11-17 14:10:01,949,0.0085,0.0000,0.0000,0.0000,0.2778,0.2863
2025-11-17 14:10:11,959,0.0000,11.5339,0.0000,0.0000,0.2778,11.8117
2025-11-17 14:10:21,969,0.0085,3.0600,0.0000,0.0000,0.2778,3.3463
2025-11-17 14:10:32,980,0.0051,0.0000,0.0000,0.0000,0.2778,0.2829
2025-11-17 14:10:42,990,0.0183,0.0000,0.0000,0.0000,0.2778,0.2961
2025-11-17 14:10:52,1000,0.0000,0.0000,0.0000,0.0000,0.2778,0.2778
2025-11-17 14:11:03,1011,0.0085,0.0000,0.0000,0.0000,0.2778,0.2863
2025-11-17 14:11:14,1021,0.0085,0.0000,0.0000,0.0000,0.2778,0.2863
2025-11-17 14:11:24,1031,0.0085,0.0000,0.0000,0.0000,0.2778,0.2863
2025-11-17 14:11:34,1042,0.0085,0.0000,0.0000,0.0000,0.2778,0.2863
2025-11-17 14:11:44,1052,0.0051,0.0000,0.0000,0.0000,0.2778,0.2829
2025-11-17 14:11:55,1063,0.0051,0.0000,0.0000,0.0000,0.2778,0.2829
2025-11-17 14:12:05,1073,0.0018,0.0000,0.0000,0.0000,0.2778,0.2795
2025-11-17 14:12:15,1083,0.0086,0.0000,0.0000,0.0000,0.2778,0.2864
2025-11-17 14:12:25,1093,0.0051,0.0000,0.0000,0.0000,0.2778,0.2829
2025-11-17 14:12:36,1104,0.0051,0.0000,0.0000,0.0000,0.2778,0.2829
2025-11-17 14:12:46,1114,0.0180,0.0000,0.0000,0.0000,0.2778,0.2958
2025-11-17 14:12:57,1124,0.0017,0.0000,0.0000,0.0000,0.2778,0.2794
2025-11-17 14:13:07,1135,0.0051,0.0000,0.0000,0.0000,0.2778,0.2829
2025-11-17 14:13:17,1145,0.0231,0.0000,0.0000,0.0000,0.2778,0.3009
2025-11-17 14:13:27,1155,0.0000,0.0000,0.0000,0.0000,0.2778,0.2778
2025-11-17 14:13:38,1166,0.0170,0.0000,0.0000,0.0000,0.2778,0.2948
2025-11-17 14:13:50,1176,0.0017,0.0000,0.0000,0.0000,0.2778,0.2794
2025-11-17 14:13:59,1186,0.0085,0.0000,0.0000,0.0000,0.2778,0.2863
2025-11-17 14:14:08,1196,0.0000,0.0000,0.0000,0.0000,0.2778,0.2778
2025-11-17 14:14:19,1206,0.0166,0.0000,0.0000,0.0000,0.0000,0.0166
2025-11-17 14:14:29,1216,0.0085,0.0000,0.0000,0.0000,0.0000,0.0085
2025-11-17 14:14:40,1227,0.0000,0.0000,0.0000,0.0000,0.2778,0.2778
2025-11-17 14:14:49,1237,0.0000,0.0000,0.0000,0.0000,0.2778,0.2778
2025-11-17 14:15:00,1248,0.0085,0.0000,0.0000,0.0000,0.2778,0.2863
2025-11-17 14:15:10,1258,0.0000,0.0000,0.0000,0.0000,0.2778,0.2778
2025-11-17 14:15:21,1268,0.0085,0.0000,0.0000,0.0000,0.2778,0.2863
2025-11-17 14:15:31,1279,0.0000,0.0000,0.0000,0.0000,0.2778,0.2778
2025-11-17 14:15:42,1290,0.0085,0.0000,0.0000,0.0000,0.0000,0.0085
2025-11-17 14:15:52,1300,0.0085,0.0000,0.0000,0.0000,0.0000,0.0085
2025-11-17 14:16:02,1310,0.0085,0.0000,0.0000,0.0000,0.0000,0.0085
2025-11-17 14:16:13,1321,0.0000,0.0000,0.0000,0.0000,0.2778,0.2778
2025-11-17 14:16:23,1331,0.0000,0.0000,0.0000,0.0000,0.2778,0.2778
2025-11-17 14:16:34,1341,0.0000,0.0000,0.0000,0.0000,0.2778,0.2778
2025-11-17 14:16:54,1362,0.0000,0.0000,0.0000,0.0000,0.2778,0.2778
2025-11-17 14:17:05,1373,0.0000,0.0000,0.0000,0.0000,0.2778,0.2778
2025-11-17 14:17:15,1383,0.0000,0.0000,0.0000,0.0000,0.2778,0.2778
2025-11-17 14:17:26,1393,0.0000,0.0000,0.0000,0.0000,0.2778,0.2778
2025-11-17 14:17:36,1404,0.0000,0.0000,0.0000,0.0000,0.2778,0.2778
2025-11-17 14:17:47,1415,0.0000,0.0000,0.0000,0.0000,0.2778,0.2778
2025-11-17 14:17:58,1426,0.0000,0.0000,0.0000,0.0000,0.2778,0.2778
2025-11-17 14:18:08,1436,0.0000,0.0000,0.0000,0.0000,0.2778,0.2778
2025-11-17 14:18:18,1446,0.0000,0.0000,0.0000,0.0000,0.2778,0.2778
2025-11-17 14:18:34,1462,0.0000,0.0000,0.0000,0.0000,0.2778,0.2778
2025-11-17 14:18:44,1472,0.0000,0.0000,0.0000,0.0000,0.2778,0.2778
2025-11-17 14:18:54,1482,0.0000,0.0000,0.0000,0.0000,0.2778,0.2778
2025-11-17 14:19:04,1492,0.0000,0.0000,0.0000,0.0000,0.2778,0.2778
2025-11-17 14:19:15,1503,0.0000,0.0000,0.0000,0.0000,0.2778,0.2778
2025-11-17 14:19:25,1513,0.0000,0.0000,0.0000,0.0000,0.2778,0.2778
2025-11-17 14:19:38,1523,0.0000,0.0000,0.0000,0.0000,0.2778,0.2778
2025-11-17 14:20:31,1579,0.0000,0.0000,0.0000,0.0000,0.2778,0.2778
2025-11-17 14:20:42,1590,0.0000,0.0000,0.0000,0.0000,0.2778,0.2778
2025-11-17 14:21:09,1617,0.0000,0.0000,0.0000,0.0000,0.2778,0.2778
2025-11-17 14:21:19,1627,0.0000,0.0000,0.0000,0.0000,0.2778,0.2778
2025-11-17 14:25:25,1866,0.0085,0.0000,0.0000,0.0000,0.2778,0.2863
2025-11-17 14:25:29,1877,0.0000,0.0000,0.0000,0.0000,0.2778,0.2778
2025-11-17 14:25:40,1888,0.0173,0.0000,0.0000,0.0000,0.2778,0.2951
2025-11-17 14:26:00,1901,0.0086,0.0000,0.0000,0.0000,0.0000,0.0086
2025-11-17 14:26:07,1915,0.0085,0.0000,0.0000,0.0000,0.0000,0.0085
2025-11-17 14:26:17,1925,0.0085,0.0000,0.0000,0.0000,0.2778,0.2863
2025-11-17 14:26:28,1936,0.0085,0.0000,0.0000,0.0000,0.0000,0.0085
2025-11-17 14:26:38,1946,0.0085,0.0000,0.0000,0.0000,0.2778,0.2863
2025-11-17 14:26:49,1957,0.0085,0.0000,0.0000,0.0000,0.2778,0.2863
2025-11-17 14:27:10,1978,0.0000,0.0000,0.0000,0.0000,0.2778,0.2778
2025-11-17 14:27:21,1988,0.0000,0.0000,0.0000,0.0000,0.2778,0.2778
2025-11-17 14:27:31,1998,0.0085,0.0000,0.0000,0.0000,0.2778,0.2863
2025-11-17 14:27:41,2009,0.0000,0.0000,0.0000,0.0000,0.2778,0.2778
2025-11-17 14:28:04,14,0.0086,0.0000,0.0000,0.0000,0.0000,0.0086
2025-11-17 14:28:28,38,0.0018,0.0000,0.0000,0.0000,0.0000,0.0018
2025-11-17 14:28:39,48,0.0085,0.0000,0.0000,0.0000,0.2778,0.2863
2025-11-17 14:28:48,59,0.0085,0.0000,0.0000,0.0000,0.0000,0.0085
2025-11-17 14:28:59,69,0.0051,0.0000,0.0000,0.0000,0.0000,0.0051
2025-11-17 14:29:09,79,0.0086,0.0000,0.0000,0.0000,0.0000,0.0086
2025-11-17 14:29:20,89,0.0000,0.0000,0.0000,0.0000,0.2778,0.2778
2025-11-17 14:29:30,100,0.0229,0.0000,0.0000,0.0000,0.0000,0.0229
2025-11-17 14:30:24,154,0.0000,0.0000,0.0000,0.0000,0.2778,0.2778
2025-11-17 14:30:34,164,0.0000,0.0000,0.0000,0.0000,0.2778,0.2778
2025-11-17 14:30:44,174,0.0000,0.0000,0.0000,0.0000,0.2778,0.2778
2025-11-17 14:30:54,184,0.0000,0.0000,0.0000,0.0000,0.2778,0.2778
2025-11-17 14:31:04,195,0.0000,0.0000,0.0000,0.0000,0.2778,0.2778
2025-11-17 14:31:15,205,0.0000,0.0000,0.0000,0.0000,0.2778,0.2778
2025-11-17 14:31:25,215,0.0000,0.0000,0.0000,0.0000,0.2778,0.2778
2025-11-17 14:31:35,226,0.0000,0.0000,0.0000,0.0000,0.2778,0.2778
2025-11-17 14:31:46,236,0.0000,0.0000,0.0000,0.0000,0.2778,0.2778
2025-11-17 14:31:56,246,0.0000,0.0000,0.0000,0.0000,0.2778,0.2778
2025-11-17 14:32:06,256,0.0000,0.0000,0.0000,0.0000,0.2778,0.2778
2025-11-17 14:32:17,267,0.0000,0.0000,0.0000,0.0000,0.2778,0.2778
2025-11-17 14:32:27,277,0.0000,0.0000,0.0000,0.0000,0.2778,0.2778
2025-11-17 14:32:37,287,0.0000,0.0000,0.0000,0.0000,0.2778,0.2778
2025-11-17 14:32:58,309,0.0000,0.0000,0.0000,0.0000,0.2778,0.2778
2025-11-17 14:33:15,325,0.0000,0.0000,0.0000,0.0000,0.2778,0.2778
2025-11-17 14:33:26,335,0.0000,0.0000,0.0000,0.0000,0.2778,0.2778
2025-11-17 14:33:35,345,0.0000,0.0000,0.0000,0.0000,0.2778,0.2778
2025-11-17 14:33:45,356,0.0000,0.0000,0.0000,0.0000,0.2778,0.2778
2025-11-17 14:33:56,366,0.0000,0.0000,0.0000,0.0000,0.2778,0.2778
2025-11-17 14:34:06,376,0.0000,0.0000,0.0000,0.0000,0.2778,0.2778
2025-11-17 14:34:17,387,0.0000,0.0000,0.0000,0.0000,0.2778,0.2778
2025-11-17 14:34:28,398,0.0000,0.0000,0.0000,0.0000,0.2778,0.2778
2025-11-17 14:35:12,442,0.0018,0.0000,0.0000,0.0000,0.0000,0.0018
2025-11-17 14:35:22,452,0.0085,0.0000,0.0000,0.0000,0.2778,0.2863
2025-11-17 14:35:33,462,0.0051,0.0000,0.0000,0.0000,0.2778,0.2829
2025-11-17 14:35:43,473,0.0189,0.0000,0.0000,0.0000,0.2778,0.2967
2025-11-17 14:35:53,483,0.0085,0.0000,0.0000,0.0000,0.0000,0.0085
2025-11-17 14:36:03,493,0.0051,0.0000,0.0000,0.0000,0.2778,0.2829
2025-11-17 14:36:15,504,0.0191,0.0000,0.0000,0.0000,0.2778,0.2969
2025-11-17 14:36:24,514,0.0000,0.0000,0.0000,0.0000,0.2778,0.2778
2025-11-17 14:36:35,525,0.0085,0.0000,0.0000,0.0000,0.2778,0.2863
2025-11-17 14:36:45,535,0.0051,0.0000,0.0000,0.0000,0.2778,0.2829
2025-11-17 14:36:56,546,0.0085,0.0000,0.0000,0.0000,0.0000,0.0085
2025-11-17 14:37:11,561,0.0000,0.0000,0.0000,0.0000,0.2778,0.2778
2025-11-17 14:37:21,571,0.0000,0.0000,0.0000,0.0000,0.2778,0.2778
2025-11-17 14:37:32,582,0.0000,0.0000,0.0000,0.0000,0.2778,0.2778
2025-11-17 14:37:42,592,0.0085,0.0000,0.0000,0.0000,0.2778,0.2863
2025-11-17 14:37:52,603,0.0000,0.0000,0.0000,0.0000,0.2778,0.2778
2025-11-17 14:38:03,613,0.0000,0.0000,0.0000,4.9599,0.0000,4.9599
2025-11-17 14:38:14,623,0.0000,0.0000,0.0000,0.0000,0.2778,0.2778
2025-11-17 14:38:24,634,0.0000,0.0000,0.0000,0.0000,0.2778,0.2778
2025-11-17 14:38:34,644,0.0000,0.0000,0.0000,0.0000,0.2778,0.2778
2025-11-17 14:38:44,654,0.0000,0.0000,0.0000,0.0000,0.2778,0.2778
2025-11-17 14:38:54,664,0.0000,0.0000,0.0000,0.0000,0.2778,0.2778
2025-11-17 14:39:05,675,0.0000,0.0000,0.0000,0.0000,0.2778,0.2778
2025-11-17 14:39:15,685,0.0000,0.0000,0.0000,0.5893,0.2778,0.8671
2025-11-17 14:39:26,695,0.0000,0.0000,0.0000,0.0000,0.2778,0.2778
2025-11-17 14:39:45,714,0.0052,0.0000,0.0000,0.0000,0.0000,0.0052
2025-11-17 14:39:54,724,0.0086,0.0000,0.0000,0.0000,0.0000,0.0086
2025-11-17 14:40:31,760,0.0018,0.0000,0.0000,0.0000,0.0000,0.0018
2025-11-17 14:40:41,771,0.0086,0.0000,0.0000,0.0000,0.2778,0.2864
2025-11-17 14:40:52,782,0.0085,0.0000,0.0000,0.0000,0.2778,0.2863
2025-11-17 14:41:02,792,0.0085,0.0000,0.0000,0.0000,0.0000,0.0085
2025-11-17 14:41:12,802,0.0085,0.0000,0.0000,0.0000,0.2778,0.2863
2025-11-17 14:41:22,812,0.0000,0.0000,0.0000,0.0000,0.2778,0.2778
2025-11-17 14:41:33,823,0.0085,0.0000,0.0000,0.0000,0.0000,0.0085
2025-11-17 14:41:49,839,0.0000,0.0000,0.0000,0.0000,0.2778,0.2778
2025-11-17 14:41:59,849,0.0086,0.0000,0.0000,0.0000,0.2778,0.2864
2025-11-17 14:42:25,875,0.0000,0.0000,0.0000,0.0000,0.2778,0.2778
2025-11-17 14:42:36,886,0.0000,0.0000,0.0000,0.0000,0.2778,0.2778
2025-11-17 14:42:46,896,0.0000,0.0000,0.0000,0.0000,0.2778,0.2778
2025-11-17 14:42:56,906,0.0085,0.0000,0.0000,0.0000,0.0000,0.0085
2025-11-17 14:43:07,917,0.0085,0.0000,0.0000,0.0000,0.2778,0.2863
2025-11-17 14:43:17,927,0.0206,0.0000,0.0000,0.0000,0.2778,0.2984
2025-11-17 14:43:27,937,0.0000,0.0000,0.0000,0.0000,0.2778,0.2778
2025-11-17 14:43:38,948,0.0169,0.0000,0.0000,0.0000,0.2778,0.2947
2025-11-17 14:43:48,958,0.0085,0.0000,0.0000,0.0000,0.2778,0.2863
2025-11-17 14:43:59,968,0.0085,0.0000,0.0000,0.0000,0.2778,0.2863
2025-11-17 14:44:09,979,0.0000,0.0000,0.0000,0.0000,0.2778,0.2778
2025-11-17 14:44:20,990,0.0000,0.0000,0.0000,0.0000,0.2778,0.2778
2025-11-17 14:44:30,1000,0.0000,0.0000,0.0000,0.0000,0.2778,0.2778
2025-11-17 14:44:41,1010,0.0085,0.0000,0.0000,0.0000,0.0000,0.0085
2025-11-17 14:44:51,1021,0.0085,0.0000,0.0000,0.0000,0.2778,0.2863
2025-11-17 14:45:01,1031,0.0085,0.0000,0.0000,0.0000,0.2778,0.2863
2025-11-17 14:45:11,1041,0.0000,0.0000,0.0000,0.0000,0.2778,0.2778
2025-11-17 14:45:23,1052,0.0000,0.0000,0.0000,0.0000,0.2778,0.2778
2025-11-17 14:45:32,1062,0.0085,0.0000,0.0000,0.0000,0.0000,0.0085
2025-11-17 14:45:42,1072,0.0085,0.0000,0.0000,0.0000,0.2778,0.2863
2025-11-17 14:45:52,1082,0.0000,0.0000,0.0000,0.0000,0.2778,0.2778
2025-11-17 14:46:04,1093,0.0085,0.0000,0.0000,0.0000,0.2778,0.2863
2025-11-17 14:46:19,1109,0.0000,0.0000,0.0000,0.0000,0.2778,0.2778
2025-11-17 14:46:29,1119,0.0051,0.0000,0.0000,0.0000,0.2778,0.2829
2025-11-17 14:46:39,1129,0.0086,0.0000,0.0000,0.0000,0.2778,0.2864
2025-11-17 14:46:50,1140,0.0000,0.0000,0.0000,0.0000,0.2778,0.2778
2025-11-17 14:47:00,1150,0.0000,0.0000,0.0000,0.0000,0.2778,0.2778
2025-11-17 14:47:11,1160,0.0193,0.0000,0.0000,0.0000,0.2778,0.2971
2025-11-17 14:47:20,1170,0.0085,0.0000,0.0000,0.0000,0.0000,0.0085
2025-11-17 14:47:31,1181,0.0000,0.0000,0.0000,0.0000,0.2778,0.2778
2025-11-17 14:47:42,1191,0.0000,0.0000,0.0000,0.0000,0.2778,0.2778
2025-11-17 14:48:03,1213,0.0000,0.0000,0.0000,0.0000,0.2778,0.2778
2025-11-17 14:48:13,1223,0.0000,0.0000,0.0000,0.0000,0.2778,0.2778
2025-11-17 14:48:25,1234,0.0000,0.0000,0.0000,0.0000,0.2778,0.2778
2025-11-17 14:48:34,1244,0.0000,0.0000,0.0000,0.0000,0.2778,0.2778
2025-11-17 14:48:45,1255,0.0000,0.0000,0.0000,0.0000,0.2778,0.2778
2025-11-17 14:48:55,1265,0.0085,0.0000,0.0000,0.0000,0.2778,0.2863
2025-11-17 14:49:12,1281,0.0000,0.0000,0.0000,0.0000,0.2778,0.2778
2025-11-17 14:49:22,1292,0.0000,0.0000,0.0000,0.0000,0.2778,0.2778
2025-11-17 14:49:34,1302,0.0000,0.0000,0.0000,0.0000,0.2778,0.2778
2025-11-17 14:49:42,1312,0.0018,0.0000,0.0000,0.0000,0.2778,0.2795
2025-11-17 14:49:52,1322,0.0210,0.0000,0.0000,0.0000,0.2778,0.2988
2025-11-17 14:50:12,1341,0.0086,0.0000,0.0000,0.0000,0.0000,0.0086
2025-11-17 14:50:22,1352,0.0018,0.0000,0.0000,0.0000,0.0000,0.0018
2025-11-17 14:50:32,1362,0.0166,0.0000,0.0000,0.0000,0.0000,0.0166
2025-11-17 14:50:43,1373,0.0000,0.0000,0.0000,0.0000,0.2778,0.2778
2025-11-17 14:50:53,1383,0.0000,0.0000,0.0000,0.0000,0.2778,0.2778
2025-11-17 14:51:03,1393,0.0000,0.0000,0.0000,0.0000,0.2778,0.2778
2025-11-17 14:51:13,1404,0.0000,0.0000,0.0000,0.0000,0.2778,0.2778
2025-11-17 14:51:24,1414,0.0000,0.0000,0.0000,0.0000,0.2778,0.2778
2025-11-17 14:51:35,1425,0.0000,0.0000,0.0000,0.0000,0.2778,0.2778
2025-11-17 14:51:51,1441,0.0000,0.0000,0.0000,0.0000,0.2778,0.2778
2025-11-17 14:52:02,1452,0.0000,0.0000,0.0000,0.0000,0.2778,0.2778
2025-11-17 14:52:13,1462,0.0085,0.0000,0.0000,0.0000,0.2778,0.2863
2025-11-17 14:52:22,1472,0.0085,0.0000,0.0000,0.0000,0.2778,0.2863
2025-11-17 14:52:32,1482,0.0296,0.0000,0.0000,0.0000,0.0000,0.0296
2025-11-17 14:52:43,1493,0.0085,0.0000,0.0000,0.0000,0.2778,0.2863
2025-11-17 14:52:53,1503,0.0085,0.0000,0.0000,0.0000,0.2778,0.2863
2025-11-17 14:53:03,1513,0.0085,0.0000,0.0000,0.0000,0.0000,0.0085
2025-11-17 14:53:13,1524,0.0085,0.0000,0.0000,0.0000,0.0000,0.0085
2025-11-17 14:53:24,1534,0.0000,0.0000,0.0000,0.0000,0.2778,0.2778
2025-11-17 14:53:34,1544,0.0085,0.0000,0.0000,0.0000,0.2778,0.2863
2025-11-17 14:53:45,1555,0.0000,0.0000,0.0000,0.0000,0.2778,0.2778
2025-11-17 14:53:56,1565,0.0085,0.0000,0.0000,0.0000,0.2778,0.2863
2025-11-17 14:54:07,1575,0.0085,0.0000,0.0000,0.0000,0.2778,0.2863
2025-11-17 14:54:15,1586,0.0000,0.0000,0.0000,0.0000,0.2778,0.2778
2025-11-17 14:54:26,1596,0.0085,0.0000,0.0000,0.0000,0.2778,0.2863
2025-11-17 14:54:36,1606,0.0085,0.0000,0.0000,0.0000,0.2778,0.2863
2025-11-17 14:54:46,1616,0.0000,0.0000,0.0000,0.0000,0.2778,0.2778
2025-11-17 14:54:56,1626,0.0051,0.0000,0.0000,0.0000,0.2778,0.2829
2025-11-17 14:55:06,1636,0.0176,0.0000,0.0000,0.0000,0.0000,0.0176
2025-11-17 14:55:19,1646,0.0000,0.0000,0.0000,0.0000,0.2778,0.2778
2025-11-17 14:55:27,1657,0.0388,0.0000,0.0000,0.0000,0.2778,0.3165
2025-11-17 14:55:37,1667,0.0085,0.0000,0.0000,8.1635,0.2778,8.4498
2025-11-17 14:55:54,1684,0.0018,0.0000,0.0000,0.0000,0.0000,0.0018
2025-11-17 14:56:05,1695,0.0085,0.0000,0.0000,0.0000,0.2778,0.2863
2025-11-17 14:56:15,1705,0.0085,0.0000,0.0000,0.0000,0.2778,0.2863
2025-11-17 14:56:25,1715,0.0000,0.0000,0.0000,0.0000,0.2778,0.2778
2025-11-17 14:56:40,1730,0.0000,0.0000,0.0000,0.0000,0.2778,0.2778
2025-11-17 14:56:50,1740,0.0000,0.0000,0.0000,0.0000,0.2778,0.2778
2025-11-17 14:57:01,1751,0.0051,0.0000,0.0000,0.0000,0.0000,0.0051
2025-11-17 14:57:11,1761,0.0216,0.0000,0.0000,0.0000,0.2778,0.2994
2025-11-17 14:57:25,1776,0.0000,0.0000,0.0000,0.0000,0.2778,0.2778
2025-11-17 14:57:36,1786,0.0000,0.0000,0.0000,0.0000,0.2778,0.2778
2025-11-17 14:57:46,1796,0.0085,0.0000,0.0000,0.0000,0.2778,0.2863
2025-11-17 14:57:56,1806,0.0000,0.0000,0.0000,0.0000,0.2778,0.2778
2025-11-17 14:58:06,1816,0.0085,0.0000,0.0000,0.0000,0.0000,0.0085
2025-11-17 14:58:17,1827,0.0085,0.0000,0.0000,0.0000,0.2778,0.2863
2025-11-17 14:58:27,1837,0.0085,0.0000,0.0000,0.0000,0.0000,0.0085
2025-11-17 14:58:37,1847,0.0000,0.0000,0.0000,0.0000,0.2778,0.2778
2025-11-17 14:58:47,1858,0.0085,0.0000,0.0000,0.0000,0.0000,0.0085
2025-11-17 14:58:58,1868,0.0085,0.0000,0.0000,0.0000,0.2778,0.2863
2025-11-17 14:59:08,1878,0.0085,0.0000,0.0000,0.0000,0.2778,0.2863
2025-11-17 14:59:18,1888,0.0000,0.0000,0.0000,0.0000,0.2778,0.2778
2025-11-17 14:59:29,1898,0.0000,0.0000,0.0000,0.0000,0.2778,0.2778
2025-11-17 14:59:39,1909,0.0085,0.0000,0.0000,0.0000,0.2778,0.2863
2025-11-17 14:59:49,1919,0.0000,0.0000,0.0000,0.0000,0.2778,0.2778
2025-11-17 15:00:00,1929,0.0085,0.0000,0.0000,0.0000,0.2778,0.2863
2025-11-17 15:00:09,1939,0.0000,0.0000,0.0000,2.2441,0.2778,2.5219
2025-11-17 15:00:22,1952,0.0188,0.0000,0.0000,0.0000,0.0000,0.0188
2025-11-17 15:00:43,1972,0.0000,0.0000,0.0000,0.0000,0.2778,0.2778
2025-11-17 15:00:53,1983,0.0086,0.0000,0.0000,0.0000,0.2778,0.2864
2025-11-17 15:01:03,1993,0.0170,0.0000,0.0000,0.0000,0.2778,0.2948
2025-11-17 15:01:14,2004,0.0000,0.0000,0.0000,0.0000,0.2778,0.2778
2025-11-17 15:01:26,2015,0.0086,0.0000,0.0000,0.0000,0.0000,0.0086
2025-11-17 15:01:36,2025,0.0085,0.0000,0.0000,0.0000,0.0000,0.0085
2025-11-17 15:01:46,2036,0.0085,0.0000,0.0000,0.0000,0.2778,0.2863
2025-11-17 15:01:56,2046,0.0000,0.0000,0.0000,0.0000,0.2778,0.2778
2025-11-17 15:02:07,2057,0.0085,0.0000,0.0000,0.0000,0.0000,0.0085
2025-11-17 15:02:17,2067,0.0051,0.0000,0.0000,0.0000,0.2778,0.2829
2025-11-17 15:02:27,2077,0.0171,0.0000,0.0000,0.0000,0.2778,0.2949
2025-11-17 15:02:37,2087,0.0051,0.0000,0.0000,0.0000,0.0000,0.0051
2025-11-17 15:02:48,2098,0.0085,0.0000,0.0000,0.0000,0.2778,0.2863
2025-11-17 15:02:58,2108,0.0085,0.0000,0.0000,0.0000,0.2778,0.2863
2025-11-17 15:03:08,2118,0.0085,0.0000,0.0000,0.0000,0.2778,0.2863
2025-11-17 15:03:18,2128,0.0085,0.0000,0.0000,0.0000,0.2778,0.2863
2025-11-17 15:03:35,2144,0.0000,0.0000,0.0000,0.0000,0.2778,0.2778
2025-11-17 15:03:44,2154,0.0085,0.0000,0.0000,0.0000,0.2778,0.2863
2025-11-17 15:03:55,2165,0.0000,0.0000,0.0000,0.0000,0.2778,0.2778
2025-11-17 15:04:06,2176,0.0000,0.0000,0.0000,0.0000,0.2778,0.2778
2025-11-17 15:04:16,2186,0.0085,0.0000,0.0000,0.0000,0.0000,0.0085
2025-11-17 15:04:26,2196,0.0000,0.0000,0.0000,0.0000,0.2778,0.2778
2025-11-17 15:04:37,2207,0.0085,0.0000,0.0000,0.0000,0.2778,0.2863
2025-11-17 15:04:48,2217,0.0000,0.0000,0.0000,0.0000,0.2778,0.2778
2025-11-17 15:04:57,2227,0.0000,0.0000,0.0000,0.0000,0.2778,0.2778
2025-11-17 15:05:07,2237,0.0000,0.0000,0.0000,0.0000,0.2778,0.2778
2025-11-17 15:05:18,2248,0.0085,0.0000,0.0000,0.0000,0.2778,0.2863
2025-11-17 15:05:28,2258,0.0000,0.0000,0.0000,0.0000,0.2778,0.2778
2025-11-17 15:05:38,2268,0.0085,0.0000,0.0000,0.0000,0.2778,0.2863
2025-11-17 15:05:48,2278,0.0085,0.0000,0.0000,0.0000,0.2778,0.2863
2025-11-17 15:06:10,2300,0.0000,0.0000,0.0000,0.0000,0.2778,0.2778
2025-11-17 15:06:20,2310,0.0000,0.0000,0.0000,0.0000,0.2778,0.2778
2025-11-17 15:06:35,2325,0.0000,0.0000,0.0000,0.0000,0.2778,0.2778
2025-11-17 15:06:45,2335,0.0000,0.0000,0.0000,0.0000,0.2778,0.2778
2025-11-17 15:06:55,2345,0.0172,0.0000,0.0000,0.0000,0.2778,0.2950
2025-11-17 15:07:06,2356,0.0085,0.0000,0.0000,0.0000,0.2778,0.2863
2025-11-17 15:07:16,2366,0.0000,0.0000,0.0000,0.0000,0.2778,0.2778
2025-11-17 15:07:26,2376,0.0051,0.0000,0.0000,0.0000,0.0000,0.0051
2025-11-17 15:07:36,2386,0.0085,0.0000,0.0000,0.0000,0.2778,0.2863
2025-11-17 15:07:46,2397,0.0051,0.0000,0.0000,0.0000,0.2778,0.2829
2025-11-17 15:07:57,2407,0.0191,0.0000,0.0000,0.0000,0.0000,0.0191
2025-11-17 15:08:08,2418,0.0000,0.0000,0.0000,0.0000,0.2778,0.2778
2025-11-17 15:08:18,2428,0.0000,0.0000,0.0000,0.0000,0.2778,0.2778
2025-11-17 15:08:28,2438,0.0085,0.0000,0.0000,0.0000,0.2778,0.2863
2025-11-17 15:08:38,2448,0.0000,0.0000,0.0000,0.0000,0.2778,0.2778
2025-11-17 15:08:48,2459,0.0085,0.0000,0.0000,0.0000,0.2778,0.2863
2025-11-17 15:08:59,2469,0.0085,0.0000,0.0000,0.0000,0.0000,0.0085
2025-11-17 15:09:09,2479,0.0085,0.0000,0.0000,0.0000,0.2778,0.2863
2025-11-17 15:09:20,2490,0.0085,0.0000,0.0000,0.0000,0.0000,0.0085
2025-11-17 15:09:30,2500,0.0000,0.0000,0.0000,0.0000,0.2778,0.2778
2025-11-17 15:09:40,2510,0.0000,0.0000,0.0000,0.0000,0.2778,0.2778
2025-11-17 15:09:56,2526,0.0000,0.0000,0.0000,0.0000,0.2778,0.2778
2025-11-17 15:10:07,2537,0.0000,0.0000,0.0000,0.0000,0.2778,0.2778
2025-11-17 15:10:17,2547,0.0000,0.0000,0.0000,0.0000,0.2778,0.2778
2025-11-17 15:10:27,2557,0.0000,0.0000,0.0000,0.0000,0.2778,0.2778
2025-11-17 15:10:38,2568,0.0000,0.0000,0.0000,0.0000,0.2778,0.2778
2025-11-17 15:10:48,2578,0.0000,0.0000,0.0000,0.0000,0.2778,0.2778
2025-11-17 15:10:58,2588,0.0085,0.0000,0.0000,0.0000,0.2778,0.2863
2025-11-17 15:11:09,2599,0.0000,0.0000,0.0000,0.0000,0.2778,0.2778
2025-11-17 15:11:19,2609,0.0085,0.0000,0.0000,0.0000,0.2778,0.2863
2025-11-17 15:11:30,2620,0.0000,0.0000,0.0000,0.0000,0.2778,0.2778
2025-11-17 15:11:40,2630,0.0000,0.0000,0.0000,0.0000,0.2778,0.2778
2025-11-17 15:11:50,2640,0.0069,0.0000,0.0000,0.0000,0.2778,0.2846
2025-11-17 15:12:00,2650,0.0085,0.0000,0.0000,0.0000,0.2778,0.2863
2025-11-17 15:12:10,2660,0.0000,0.0000,0.0000,0.0000,0.2778,0.2778
2025-11-17 15:12:21,2671,0.0000,0.0000,0.0000,0.0000,0.2778,0.2778
2025-11-17 15:12:32,2682,0.0000,0.0000,0.0000,0.0000,0.2778,0.2778
2025-11-17 15:12:42,2692,0.0000,0.0000,0.0000,0.0000,0.2778,0.2778
2025-11-17 15:12:52,2702,0.0085,0.0000,0.0000,0.0000,0.2778,0.2863
2025-11-17 15:13:02,2712,0.0000,0.0000,0.0000,0.0000,0.2778,0.2778
2025-11-17 15:13:13,2723,0.0085,0.0000,0.0000,0.0000,0.2778,0.2863
2025-11-17 15:13:23,2733,0.0000,0.0000,0.0000,0.0000,0.2778,0.2778
2025-11-17 15:13:39,2749,0.0000,0.0000,0.0000,0.0000,0.2778,0.2778
2025-11-17 15:13:50,2760,0.0000,0.0000,0.0000,0.0000,0.2778,0.2778
2025-11-17 15:14:00,2770,0.0000,0.0000,0.0000,0.0000,0.2778,0.2778
2025-11-17 15:14:11,2780,0.0000,0.0000,0.0000,0.0000,0.2778,0.2778
2025-11-17 15:14:20,2790,0.0000,0.0000,0.0000,0.0000,0.2778,0.2778
2025-11-17 15:14:37,2806,0.0000,0.0000,0.0000,0.0000,0.2778,0.2778
2025-11-17 15:14:47,2816,0.0000,0.0000,0.0000,0.0000,0.2778,0.2778
2025-11-17 15:14:57,2827,0.0085,0.0000,0.0000,0.0000,0.2778,0.2863
2025-11-17 15:15:28,2858,0.0018,0.0000,0.0000,0.0000,0.0000,0.0018
2025-11-17 15:15:39,2869,0.0086,0.0000,0.0000,0.0000,0.0000,0.0086
2025-11-17 15:15:54,2884,0.0000,0.0000,0.0000,0.0000,0.2778,0.2778
2025-11-17 15:16:05,2895,0.0051,0.0000,0.0000,0.0000,0.2778,0.2829
2025-11-17 15:16:16,2905,0.0187,0.0000,0.0000,0.0000,0.2778,0.2965
2025-11-17 15:16:26,2916,0.0188,0.0000,0.0000,0.0000,0.2778,0.2966
2025-11-17 15:16:36,2926,0.0000,0.0000,0.0000,0.0000,0.2778,0.2778
2025-11-17 15:16:46,2936,0.0000,0.0000,0.0000,0.0000,0.2778,0.2778
2025-11-17 15:17:18,2967,0.0086,0.0000,0.0000,0.0000,0.0000,0.0086
2025-11-17 15:17:27,2977,0.0085,0.0000,0.0000,0.0000,0.2778,0.2863
2025-11-17 15:17:39,2988,0.0000,0.0000,0.0000,0.0000,0.2778,0.2778
2025-11-17 15:17:48,2998,0.0000,0.0000,0.0000,0.0000,0.2778,0.2778
2025-11-17 15:17:58,3008,0.0085,0.0000,0.0000,0.0000,0.2778,0.2863
2025-11-17 15:18:08,3019,0.0085,0.0000,0.0000,0.0000,0.2778,0.2863
2025-11-17 15:18:24,3034,0.0000,0.0000,0.0000,0.0000,0.2778,0.2778
2025-11-17 15:18:35,3045,0.0000,0.0000,0.0000,0.0000,0.2778,0.2778
2025-11-17 15:18:51,3061,0.0000,0.0000,0.0000,0.0000,0.2778,0.2778
2025-11-17 15:19:02,3072,0.0085,0.0000,0.0000,0.0000,0.0000,0.0085
2025-11-17 15:19:12,3082,0.0085,0.0000,0.0000,0.0000,0.2778,0.2863
2025-11-17 15:19:22,3092,0.0000,0.0000,0.0000,0.0000,0.2778,0.2778
2025-11-17 15:19:32,3102,0.0000,0.0000,0.0000,0.0000,0.2778,0.2778
2025-11-17 15:19:42,3112,0.0085,0.0000,0.0000,0.0000,0.0000,0.0085
2025-11-17 15:19:52,3122,0.0000,0.0000,0.0000,0.0000,0.2778,0.2778
2025-11-17 15:20:03,3133,0.0000,0.0000,0.0000,0.0000,0.2778,0.2778
2025-11-17 15:20:13,3143,0.0000,0.0000,0.0000,0.0000,0.2778,0.2778
2025-11-17 15:20:24,3154,0.0000,0.0000,0.0000,0.0000,0.2778,0.2778
2025-11-17 15:20:35,3164,0.0085,0.0000,0.0000,0.0000,0.2778,0.2863
2025-11-17 15:20:50,3174,0.0000,0.0000,0.0000,0.0000,0.2778,0.2778
2025-11-17 15:20:55,3185,0.0000,0.0000,0.0000,0.0000,0.2778,0.2778
2025-11-17 15:21:06,3195,0.0000,0.0000,0.0000,0.0000,0.2778,0.2778
2025-11-17 15:21:16,3207,0.0000,0.0000,0.0000,0.0000,0.2778,0.2778
2025-11-17 15:21:27,3217,0.0085,0.0000,0.0000,0.0000,0.0000,0.0085
2025-11-17 15:21:37,3227,0.0085,0.0000,0.0000,0.0000,0.2778,0.2863
2025-11-17 15:21:48,3237,0.0085,0.0000,0.0000,0.0000,0.2778,0.2863
2025-11-17 15:21:58,3248,0.0085,0.0000,0.0000,0.0000,0.0000,0.0085
2025-11-17 15:22:08,3258,0.0085,0.0000,0.0000,0.0000,0.0000,0.0085
2025-11-17 15:22:18,3268,0.0085,0.0000,0.0000,0.0000,0.2778,0.2863
2025-11-17 15:22:29,3279,0.0000,0.0000,0.0000,0.0000,0.2778,0.2778
2025-11-17 15:22:39,3289,0.0000,0.0000,0.0000,0.0000,0.2778,0.2778
2025-11-17 15:22:49,3299,0.0000,0.0000,0.0000,0.0000,0.2778,0.2778
2025-11-17 15:23:00,3310,0.0085,0.0000,0.0000,0.0000,0.2778,0.2863
2025-11-17 15:23:10,3320,0.0085,0.0000,0.0000,0.0000,0.2778,0.2863
2025-11-17 15:23:20,3330,0.0085,0.0000,0.0000,0.0000,0.2778,0.2863
2025-11-17 15:23:30,3340,0.0085,0.0000,0.0000,0.0000,0.2778,0.2863
2025-11-17 15:23:43,3350,0.0000,0.0000,0.0000,0.0000,0.2778,0.2778
2025-11-17 15:23:50,3361,0.0085,0.0000,0.0000,0.0000,0.2778,0.2863
2025-11-17 15:24:01,3371,0.0085,0.0000,0.0000,0.0000,0.2778,0.2863
2025-11-17 15:24:12,3381,0.0086,0.0000,0.0000,0.0000,0.0000,0.0086
2025-11-17 15:24:22,3392,0.0000,0.0000,0.0000,0.0000,0.2778,0.2778
2025-11-17 15:24:32,3402,0.0086,0.0000,0.0000,0.0000,0.2778,0.2864
2025-11-17 15:24:42,3412,0.0000,0.0000,0.0000,0.0000,0.2778,0.2778
2025-11-17 15:24:53,3422,0.0179,0.0000,0.0000,0.0000,0.2778,0.2956
2025-11-17 15:25:03,3433,0.0000,0.0000,0.0000,0.0000,0.2778,0.2778
2025-11-17 15:25:13,3443,0.0085,0.0000,0.0000,0.0000,0.2778,0.2863
2025-11-17 15:25:29,3459,0.0000,0.0000,0.0000,0.0000,0.2778,0.2778
2025-11-17 15:25:41,3469,0.0000,0.0000,0.0000,0.0000,0.2778,0.2778
2025-11-17 15:25:50,3479,0.0000,0.0000,0.0000,0.0000,0.2778,0.2778
2025-11-17 15:26:00,3490,0.0085,0.0000,0.0000,0.0000,0.2778,0.2863
2025-11-17 15:26:10,3500,0.0000,0.0000,0.0000,0.0000,0.2778,0.2778
2025-11-17 15:26:22,3511,0.0000,0.0000,0.0000,0.0000,0.2778,0.2778
2025-11-17 15:26:31,3521,0.0085,0.0000,0.0000,0.0000,0.2778,0.2863
2025-11-17 15:26:41,3531,0.0085,0.0000,0.0000,0.0000,0.2778,0.2863
2025-11-17 15:26:52,3542,0.0000,0.0000,0.0000,0.0000,0.2778,0.2778
2025-11-17 15:27:04,3554,0.0000,0.0000,0.0000,0.0000,0.2778,0.2778
2025-11-17 15:27:14,3564,0.0000,0.0000,0.0000,0.0000,0.2778,0.2778
2025-11-17 15:27:24,3574,0.0000,0.0000,0.0000,0.0000,0.2778,0.2778
2025-11-17 15:27:34,3584,0.0000,0.0000,0.0000,0.0000,0.2778,0.2778
2025-11-17 15:27:46,3596,0.0000,0.0000,0.0000,13.6166,0.0000,13.6166
2025-11-17 15:27:56,3607,0.0000,0.0000,0.0000,0.0000,0.2778,0.2778
2025-11-17 15:28:07,3617,0.0000,0.0000,0.0000,0.0000,0.2778,0.2778
2025-11-17 15:28:17,3627,0.0000,0.0000,0.0000,0.0000,0.2778,0.2778
2025-11-17 15:28:29,3638,0.0000,0.0000,0.0000,0.0000,0.2778,0.2778
2025-11-17 15:28:38,3648,0.0000,0.0000,0.0000,0.0000,0.2778,0.2778
2025-11-17 15:28:48,3658,0.0086,0.0000,0.0000,0.0000,0.0000,0.0086
2025-11-17 15:28:59,3669,0.0000,0.0000,0.0000,0.0000,0.2778,0.2778
2025-11-17 15:29:09,3679,0.0051,0.0000,0.0000,0.0000,0.0000,0.0051
2025-11-17 15:29:20,3689,0.0085,0.0000,0.0000,0.0000,0.2778,0.2863
2025-11-17 15:29:30,3700,0.0085,0.0000,0.0000,0.0000,0.0000,0.0085
2025-11-17 15:29:40,3710,0.0000,0.0000,0.0000,0.0000,0.2778,0.2778
2025-11-17 15:29:56,3726,0.0000,0.0000,0.0000,0.0000,0.2778,0.2778
2025-11-17 15:30:08,3736,0.0085,0.0000,0.0000,0.0000,0.0000,0.0085
2025-11-17 15:30:16,3746,0.0085,0.0000,0.0000,0.0000,0.0000,0.0085
2025-11-17 15:30:34,3763,0.0000,0.0000,0.0000,0.0000,0.2778,0.2778
2025-11-17 15:30:44,3774,0.0000,0.0000,0.0000,0.0000,0.2778,0.2778
2025-11-17 15:30:55,3784,0.0085,0.0000,0.0000,0.0000,0.0000,0.0085
2025-11-17 15:31:05,3795,0.0085,0.0000,0.0000,0.0000,0.2778,0.2863
2025-11-17 15:31:15,3805,0.0085,0.0000,0.0000,0.0000,0.2778,0.2863
2025-11-17 15:31:25,3815,0.0085,0.0000,0.0000,0.0000,0.2778,0.2863
2025-11-17 15:31:37,3826,0.0085,0.0000,0.0000,0.0000,0.2778,0.2863
2025-11-17 15:31:46,3836,0.0017,0.0000,0.0000,0.0000,0.2778,0.2794
2025-11-17 15:31:56,3847,0.0085,0.0000,0.0000,0.0000,0.2778,0.2863
2025-11-17 15:32:10,3857,0.0000,0.0000,0.0000,0.0000,0.2778,0.2778
2025-11-17 15:32:17,3867,0.0000,0.0000,0.0000,0.0000,0.2778,0.2778
2025-11-17 15:32:27,3878,0.0085,0.0000,0.0000,0.0000,0.2778,0.2863
2025-11-17 15:32:38,3888,0.0085,0.0000,0.0000,0.0000,0.0000,0.0085
2025-11-17 15:32:48,3898,0.0000,0.0000,0.0000,0.0000,0.2778,0.2778
2025-11-17 15:32:58,3908,0.0000,0.0000,0.0000,0.0000,0.2778,0.2778
2025-11-17 15:33:08,3919,0.0000,0.0000,0.0000,0.0000,0.2778,0.2778
2025-11-17 15:33:22,3929,0.0085,0.0000,0.0000,0.0000,0.0000,0.0085
2025-11-17 15:33:29,3939,0.0000,0.0000,0.0000,0.0000,0.2778,0.2778
2025-11-17 15:33:39,3949,0.0085,0.0000,0.0000,0.0000,0.2778,0.2863
2025-11-17 15:33:50,3959,0.0000,0.0000,0.0000,0.0000,0.2778,0.2778
2025-11-17 15:33:59,3969,0.0085,0.0000,0.0000,0.0000,0.0000,0.0085
2025-11-17 15:34:09,3980,0.0085,0.0000,0.0000,0.0000,0.2778,0.2863
2025-11-17 15:34:20,3990,0.0000,0.0000,0.0000,0.0000,0.2778,0.2778
2025-11-17 15:34:30,4000,0.0000,0.0000,0.0000,0.0000,0.2778,0.2778
2025-11-17 15:34:41,4011,0.0085,0.0000,0.0000,0.0000,0.2778,0.2863
2025-11-17 15:34:51,4021,0.0085,0.0000,0.0000,0.0000,0.2778,0.2863
2025-11-17 15:35:06,4036,0.0000,0.0000,0.0000,0.0000,0.2778,0.2778
2025-11-17 15:35:16,4046,0.0000,0.0000,0.0000,0.0000,0.2778,0.2778
2025-11-17 15:35:27,4057,0.0085,0.0000,0.0000,0.0000,0.0000,0.0085
2025-11-17 15:35:37,4067,0.0085,0.0000,0.0000,0.0000,0.2778,0.2863
2025-11-17 15:35:48,4077,0.0085,0.0000,0.0000,0.0000,0.2778,0.2863
2025-11-17 15:36:04,4093,0.0000,0.0000,0.0000,0.0000,0.2778,0.2778
2025-11-17 15:36:14,4104,0.0085,0.0000,0.0000,0.0000,0.0000,0.0085
2025-11-17 15:36:24,4114,0.0085,0.0000,0.0000,0.0000,0.2778,0.2863
2025-11-17 15:36:35,4124,0.0085,0.0000,0.0000,0.0000,0.2778,0.2863
2025-11-17 15:36:50,4134,0.0085,0.0000,0.0000,0.0000,0.0000,0.0085
2025-11-17 15:36:55,4145,0.0017,0.0000,0.0000,0.0000,0.0000,0.0017
2025-11-17 15:37:06,4155,0.0085,0.0000,0.0000,0.0000,0.0000,0.0085
2025-11-17 15:37:16,4166,0.0085,0.0000,0.0000,0.0000,0.2778,0.2863
2025-11-17 15:37:26,4176,0.0085,0.0000,0.0000,0.0000,0.2778,0.2863
2025-11-17 15:37:37,4186,0.0000,0.0000,0.0000,0.0000,0.2778,0.2778
2025-11-17 15:37:46,4197,0.0085,0.0000,0.0000,0.0000,0.0000,0.0085
2025-11-17 15:37:57,4207,0.0085,0.0000,0.0000,0.0000,0.2778,0.2863
2025-11-17 15:38:07,4217,0.0085,0.0000,0.0000,0.0000,0.2778,0.2863
2025-11-17 15:38:19,4227,0.0085,0.0000,0.0000,0.0000,0.2778,0.2863
2025-11-17 15:38:28,4238,0.0000,0.0000,0.0000,0.0000,0.2778,0.2778
2025-11-17 15:38:41,4249,0.0017,0.0000,0.0000,0.0000,0.2778,0.2794
2025-11-17 15:38:49,4259,0.0234,0.0000,0.0000,0.0000,0.2778,0.3011
2025-11-17 15:39:00,4270,0.0085,0.0000,0.0000,0.0000,0.0000,0.0085
2025-11-17 15:39:10,4280,0.0085,0.0000,0.0000,0.0000,0.0000,0.0085
2025-11-17 15:39:37,4307,0.0000,0.0000,0.0000,0.0000,0.2778,0.2778
2025-11-17 15:39:48,4318,0.0000,0.0000,0.0000,0.0000,0.2778,0.2778
2025-11-17 15:39:58,4328,0.0085,0.0000,0.0000,0.0000,0.2778,0.2863
2025-11-17 15:40:11,4338,0.0085,0.0000,0.0000,0.0000,0.0000,0.0085
2025-11-17 15:40:19,4348,0.0085,0.0000,0.0000,0.0000,0.0000,0.0085
2025-11-17 15:40:29,4359,0.0085,0.0000,0.0000,0.0000,0.0000,0.0085
2025-11-17 15:41:07,4396,0.0018,0.0000,0.0000,0.0000,0.0000,0.0018
2025-11-17 15:41:17,4407,0.0085,0.0000,0.0000,0.0000,0.2778,0.2863
2025-11-17 15:41:29,4417,0.0000,0.0000,0.0000,0.0000,0.2778,0.2778
2025-11-17 15:41:38,4428,0.0000,0.0000,0.0000,0.0000,0.2778,0.2778
2025-11-17 15:42:06,4456,0.0000,0.0000,0.0000,0.0000,0.2778,0.2778
2025-11-17 15:42:16,4467,0.0000,0.0000,0.0000,0.0000,0.2778,0.2778
2025-11-17 15:42:27,4477,0.0000,0.0000,0.0000,0.0000,0.2778,0.2778
2025-11-17 15:42:38,4487,0.0000,0.0000,0.0000,0.0000,0.2778,0.2778
2025-11-17 15:42:53,4503,0.0000,0.0000,0.0000,0.0000,0.2778,0.2778
2025-11-17 15:43:03,4513,0.0000,0.0000,0.0000,0.0000,0.2778,0.2778
2025-11-17 15:43:13,4523,0.0000,0.0000,0.0000,0.0000,0.2778,0.2778
2025-11-17 15:43:24,4534,0.0085,0.0000,0.0000,0.0000,0.2778,0.2863
2025-11-17 15:43:36,4544,0.0000,0.0000,0.0000,0.0000,0.2778,0.2778
2025-11-17 15:43:44,4554,0.0085,0.0000,0.0000,0.0000,0.0000,0.0085
2025-11-17 15:44:01,4571,0.0000,0.0000,0.0000,0.0000,0.2778,0.2778
2025-11-17 15:44:11,4581,0.0085,0.0000,0.0000,0.0000,0.0000,0.0085
2025-11-17 15:44:21,4591,0.0000,0.0000,0.0000,0.0000,0.2778,0.2778
2025-11-17 15:44:32,4601,0.0000,0.0000,0.0000,0.0000,0.2778,0.2778
2025-11-17 15:44:42,4612,0.0085,0.0000,0.0000,0.0000,0.2778,0.2863
2025-11-17 15:44:52,4622,0.0000,0.0000,0.0000,0.0000,0.2778,0.2778
2025-11-17 15:45:03,4633,0.0086,0.0000,0.0000,0.0000,0.2778,0.2864
2025-11-17 15:45:13,4643,0.0085,0.0000,0.0000,0.0000,0.2778,0.2863
2025-11-17 15:45:41,4671,0.0000,0.0000,0.0000,0.0000,0.2778,0.2778
2025-11-17 15:45:52,4681,0.0085,0.0000,0.0000,0.0000,0.2778,0.2863
2025-11-17 15:46:07,4692,0.0085,0.0000,0.0000,0.0000,0.2778,0.2863
2025-11-17 15:46:12,4702,0.0085,0.0000,0.0000,0.0000,0.2778,0.2863
2025-11-17 15:46:22,4712,0.0000,0.0000,0.0000,0.0000,0.2778,0.2778
2025-11-17 15:46:32,4722,0.0000,0.0000,0.0000,0.0000,0.2778,0.2778
2025-11-17 15:46:43,4733,0.0085,0.0000,0.0000,0.0000,0.0000,0.0085
2025-11-17 15:46:53,4743,0.0000,0.0000,0.0000,0.0000,0.2778,0.2778
2025-11-17 15:47:03,4753,0.0103,0.0000,0.0000,0.0000,0.2778,0.2881
2025-11-17 15:47:16,4764,0.0000,0.0000,0.0000,9.6678,0.2778,9.9456
2025-11-17 15:47:24,4774,0.0103,0.0000,0.0000,0.0000,0.0000,0.0103
2025-11-17 15:47:34,4784,0.0000,0.0000,0.0000,0.0000,0.2778,0.2778
2025-11-17 15:47:45,4795,0.0085,0.0000,0.0000,0.0000,0.2778,0.2863
2025-11-17 15:47:55,4805,0.0000,0.0000,0.0000,0.0000,0.2778,0.2778
2025-11-17 15:48:06,4815,0.0173,0.0000,0.0000,0.0000,0.2778,0.2951
2025-11-17 15:48:16,4826,0.0000,0.0000,0.0000,0.0000,0.2778,0.2778
2025-11-17 15:48:26,4836,0.0085,0.0000,0.0000,0.0000,0.2778,0.2863
2025-11-17 15:48:36,4846,0.0085,0.0000,0.0000,0.0000,0.2778,0.2863
2025-11-17 15:48:46,4856,0.0000,0.0000,0.0000,0.0000,0.2778,0.2778
2025-11-17 15:48:57,4867,0.0085,0.0000,0.0000,0.0000,0.2778,0.2863
2025-11-17 15:49:08,4877,0.0085,0.0000,0.0000,0.0000,0.2778,0.2863
2025-11-17 15:49:18,4888,0.0085,0.0000,0.0000,0.0000,0.0000,0.0085
2025-11-17 15:49:28,4898,0.0051,0.0000,0.0000,0.0000,0.2778,0.2829
2025-11-17 15:49:43,4908,0.0085,0.0000,0.0000,0.0000,0.2778,0.2863
2025-11-17 15:49:52,4918,0.0000,0.0000,0.0000,0.0000,0.2778,0.2778
2025-11-17 15:49:59,4929,0.0000,0.0000,0.0000,0.0000,0.2778,0.2778
2025-11-17 15:50:43,4972,0.0000,0.0000,0.0000,0.0000,0.2778,0.2778
2025-11-17 15:50:52,4982,0.0000,0.0000,0.0000,0.0000,0.2778,0.2778
2025-11-17 15:51:02,4992,0.0000,0.0000,0.0000,0.0000,0.2778,0.2778
2025-11-17 15:51:25,5013,0.0000,0.0000,0.0000,0.0000,0.2778,0.2778
2025-11-17 15:51:36,5025,0.0000,0.0000,0.0000,0.0000,0.2778,0.2778
2025-11-17 15:51:52,5042,0.0000,0.0000,0.0000,0.0000,0.2778,0.2778
2025-11-17 15:52:03,5053,0.0000,0.0000,0.0000,0.0000,0.2778,0.2778
2025-11-17 15:52:15,5063,0.0000,0.0000,0.0000,0.0000,0.2778,0.2778
2025-11-17 15:52:23,5073,0.0000,0.0000,0.0000,0.0000,0.2778,0.2778
2025-11-17 15:52:33,5083,0.0000,0.0000,0.0000,0.0000,0.2778,0.2778
2025-11-17 15:52:44,5094,0.0000,0.0000,0.0000,0.0000,0.2778,0.2778
2025-11-17 15:53:10,5115,0.0000,0.0000,0.0000,0.0000,0.2778,0.2778
2025-11-17 15:53:19,5129,0.0000,0.0000,0.0000,0.0000,0.2778,0.2778
2025-11-17 15:53:36,5146,0.0000,0.0000,0.0000,0.0000,0.2778,0.2778
2025-11-17 15:53:52,5162,0.0000,0.0000,0.0000,0.0000,0.2778,0.2778
2025-11-17 15:54:02,5172,0.0000,0.0000,0.0000,0.0000,0.2778,0.2778
2025-11-17 15:54:17,5187,0.0000,0.0000,0.0000,0.0000,0.2778,0.2778
2025-11-17 15:54:33,5203,0.0000,0.0000,0.0000,0.0000,0.2778,0.2778
2025-11-17 15:54:47,5214,0.0000,0.0000,0.0000,0.0000,0.2778,0.2778
2025-11-17 15:54:56,5226,0.0000,0.0000,0.0000,0.0000,0.2778,0.2778
2025-11-17 15:55:09,5236,0.0000,0.0000,0.0000,0.0000,0.2778,0.2778
2025-11-17 15:55:23,5249,0.0000,0.0000,0.0000,0.0000,0.2778,0.2778
2025-11-17 15:55:29,5259,0.0000,0.0000,0.0000,0.0000,0.2778,0.2778
2025-11-17 15:55:39,5269,0.0000,0.0000,0.0000,0.0000,0.2778,0.2778
2025-11-17 15:55:49,5279,0.0000,0.0000,0.0000,0.0000,0.2778,0.2778
2025-11-17 15:55:59,5289,0.0000,0.0000,0.0000,0.0000,0.2778,0.2778
2025-11-17 15:56:12,5300,0.0000,0.0000,0.0000,0.0000,0.2778,0.2778
2025-11-17 15:56:33,5323,0.0000,0.0000,0.0000,0.0000,0.2778,0.2778
2025-11-17 15:56:45,5334,0.0000,0.0000,0.0000,0.0000,0.2778,0.2778
2025-11-17 15:57:01,5351,0.0000,0.0000,0.0000,0.0000,0.2778,0.2778
2025-11-17 15:57:18,5361,0.0000,0.0000,0.0000,0.0000,0.2778,0.2778
2025-11-17 15:57:21,5371,0.0000,0.0000,0.0000,0.0000,0.2778,0.2778
2025-11-17 15:57:31,5381,0.0000,0.0000,0.0000,0.0000,0.2778,0.2778
2025-11-17 15:57:41,5391,0.0000,0.0000,0.0000,0.0000,0.2778,0.2778
2025-11-17 15:57:52,5401,0.0000,0.0000,0.0000,0.0000,0.2778,0.2778
2025-11-17 15:58:05,5412,0.0000,0.0000,0.0000,0.0000,0.2778,0.2778
2025-11-17 15:58:12,5422,0.0000,0.0000,0.0000,0.0000,0.2778,0.2778
2025-11-17 15:58:27,5437,0.0000,0.0000,0.0000,0.0000,0.2778,0.2778
2025-11-17 15:58:37,5447,0.0000,0.0000,0.0000,0.0000,0.2778,0.2778
2025-11-17 15:58:53,5462,0.0000,0.0000,0.0000,0.0000,0.2778,0.2778
2025-11-17 15:59:09,5478,0.0000,0.0000,0.0000,0.0000,0.2778,0.2778
2025-11-17 15:59:30,5500,0.0000,0.0000,0.0000,0.0000,0.2778,0.2778
2025-11-17 15:59:47,5516,0.0000,0.0000,0.0000,0.0000,0.2778,0.2778
2025-11-17 15:59:57,5527,0.0000,0.0000,0.0000,0.0000,0.2778,0.2778
2025-11-17 16:00:12,5542,0.0000,0.0000,0.0000,0.0000,0.2778,0.2778
2025-11-17 16:00:28,5552,0.0000,0.0000,0.0000,0.0000,0.2778,0.2778
2025-11-17 16:00:35,5562,0.0000,0.0000,0.0000,0.0000,0.2778,0.2778
2025-11-17 16:00:42,5572,0.0000,0.0000,0.0000,0.0000,0.2778,0.2778
2025-11-17 16:00:53,5583,0.0000,0.0000,0.0000,0.0000,0.2778,0.2778
2025-11-17 16:02:10,5660,0.0000,0.0000,0.0000,0.0000,0.2778,0.2778
2025-11-17 16:02:26,5676,0.0000,0.0000,0.0000,0.0000,0.2778,0.2778
2025-11-17 16:02:40,5687,0.0000,0.0000,0.0000,0.0000,0.2778,0.2778
2025-11-17 16:02:49,5699,0.0000,0.0000,0.0000,0.0000,0.2778,0.2778
2025-11-17 16:03:33,5743,0.0000,0.0000,0.0000,0.0000,0.2778,0.2778
2025-11-17 16:03:47,5754,0.0000,0.0000,0.0000,0.0000,0.2778,0.2778
2025-11-17 16:03:58,5764,0.0000,0.0000,0.0000,0.0000,0.2778,0.2778
2025-11-17 16:04:13,5783,0.0000,0.0000,0.0000,0.0000,0.2778,0.2778
2025-11-17 16:04:27,5793,0.0000,0.0000,0.0000,0.0000,0.2778,0.2778
2025-11-17 16:04:36,5803,0.0000,0.0000,0.0000,0.0000,0.2778,0.2778
2025-11-17 16:04:44,5814,0.0000,0.0000,0.0000,0.0000,0.2778,0.2778
2025-11-17 16:04:54,5824,0.0000,0.0000,0.0000,0.0000,0.2778,0.2778
2025-11-17 16:05:10,5840,0.0000,0.0000,0.0000,0.0000,0.2778,0.2778
2025-11-17 16:05:22,5850,0.0000,0.0000,0.0000,0.0000,0.2778,0.2778
2025-11-17 16:05:31,5860,0.0000,0.0000,0.0000,0.0000,0.2778,0.2778
2025-11-17 16:05:41,5871,0.0000,0.0000,0.0000,0.0000,0.2778,0.2778
2025-11-17 16:05:51,5881,0.0000,0.0000,0.0000,0.0000,0.2778,0.2778
2025-11-17 16:06:01,5891,0.0000,0.0000,0.0000,0.0000,0.2778,0.2778
2025-11-17 16:06:12,5902,0.0000,0.0000,0.0000,0.0000,0.2778,0.2778
2025-11-17 16:06:22,5912,0.0000,0.0000,0.0000,0.0000,0.2778,0.2778
2025-11-17 16:06:33,5923,0.0000,0.0000,0.0000,0.0000,0.2778,0.2778
2025-11-17 16:07:01,5951,0.0000,0.0000,0.0000,0.0000,0.2778,0.2778
2025-11-17 16:07:11,5961,0.0000,0.0000,0.0000,0.0000,0.2778,0.2778
2025-11-17 16:07:21,5971,0.0000,0.0000,0.0000,0.0000,0.2778,0.2778
2025-11-17 16:07:38,5988,0.0000,0.0000,0.0000,0.0000,0.2778,0.2778
2025-11-17 16:07:49,5999,0.0000,0.0000,0.0000,0.0000,0.2778,0.2778
2025-11-17 16:07:59,6009,0.0000,0.0000,0.0000,0.0000,0.2778,0.2778
2025-11-17 16:08:09,6019,0.0000,0.0000,0.0000,0.0000,0.2778,0.2778
2025-11-17 16:08:19,6029,0.0000,0.0000,0.0000,0.0000,0.2778,0.2778
2025-11-17 16:08:30,6039,0.0000,0.0000,0.0000,0.0000,0.2778,0.2778
2025-11-17 16:08:40,6050,0.0000,0.0000,0.0000,0.0000,0.2778,0.2778
2025-11-17 16:08:50,6060,0.0000,0.0000,0.0000,0.0000,0.2778,0.2778
2025-11-17 16:09:00,6070,0.0000,0.0000,0.0000,0.0000,0.2778,0.2778
2025-11-17 16:09:10,6080,0.0000,0.0000,0.0000,0.0000,0.2778,0.2778
2025-11-17 16:09:20,6090,0.0000,0.0000,0.0000,0.0000,0.2778,0.2778
2025-11-17 16:09:31,6101,0.0000,0.0000,0.0000,0.0000,0.2778,0.2778
2025-11-17 16:09:41,6111,0.0000,0.0000,0.0000,0.0000,0.2778,0.2778
2025-11-17 16:09:52,6121,0.0000,0.0000,0.0000,0.0000,0.2778,0.2778
2025-11-17 16:10:04,6132,0.0000,0.0000,0.0000,0.0000,0.2778,0.2778
2025-11-17 16:10:12,6142,0.0000,0.0000,0.0000,0.0000,0.2778,0.2778
2025-11-17 16:10:22,6152,0.0000,0.0000,0.0000,0.0000,0.2778,0.2778
2025-11-17 16:10:33,6163,0.0000,0.0000,0.0000,0.0000,0.2778,0.2778
2025-11-17 16:10:44,6174,0.0000,0.0000,0.0000,0.0000,0.2778,0.2778
2025-11-17 16:10:54,6184,0.0000,0.0000,0.0000,0.0000,0.2778,0.2778
2025-11-17 16:11:08,6194,0.0000,0.0000,0.0000,0.0000,0.2778,0.2778
2025-11-17 16:11:15,6204,0.0000,0.0000,0.0000,0.0000,0.2778,0.2778
2025-11-17 16:11:25,6215,0.0000,0.0000,0.0000,0.0000,0.2778,0.2778
2025-11-17 16:11:35,6225,0.0000,0.0000,0.0000,0.0000,0.2778,0.2778
2025-11-17 16:11:51,6241,0.0000,0.0000,0.0000,0.0000,0.2778,0.2778
2025-11-17 16:12:01,6251,0.0000,0.0000,0.0000,0.0000,0.2778,0.2778
2025-11-17 16:12:12,6262,0.0000,0.0000,0.0000,0.0000,0.2778,0.2778
2025-11-17 16:12:22,6272,0.0000,0.0000,0.0000,0.0000,0.2778,0.2778
2025-11-17 16:12:33,6283,0.0000,0.0000,0.0000,0.0000,0.2778,0.2778
2025-11-17 16:12:49,6299,0.0000,0.0000,0.0000,0.0000,0.2778,0.2778
2025-11-17 16:13:11,6321,0.0000,0.0000,0.0000,0.0000,0.2778,0.2778
2025-11-17 16:13:22,6332,0.0000,0.0000,0.0000,0.0000,0.2778,0.2778
2025-11-17 16:13:32,6342,0.0000,0.0000,0.0000,0.0000,0.2778,0.2778
2025-11-17 16:13:42,6352,0.0000,0.0000,0.0000,0.0000,0.2778,0.2778
2025-11-17 16:13:53,6363,0.0000,0.0000,0.0000,0.0000,0.2778,0.2778
2025-11-17 16:14:03,6373,0.0000,0.0000,0.0000,0.0000,0.2778,0.2778
2025-11-17 16:14:13,6383,0.0000,0.0000,0.0000,0.0000,0.2778,0.2778
2025-11-17 16:14:23,6393,0.0000,0.0000,0.0000,0.0000,0.2778,0.2778
2025-11-17 16:14:51,6420,0.0000,0.0000,0.0000,0.0000,0.2778,0.2778
2025-11-17 16:15:01,6431,0.0000,0.0000,0.0000,0.0000,0.2778,0.2778
2025-11-17 16:15:11,6441,0.0000,0.0000,0.0000,0.0000,0.2778,0.2778
2025-11-17 16:15:29,6458,0.0000,0.0000,0.0000,0.0000,0.2778,0.2778
2025-11-17 16:15:39,6469,0.0000,0.0000,0.0000,0.0000,0.2778,0.2778
2025-11-17 16:15:49,6479,0.0000,0.0000,0.0000,0.0000,0.2778,0.2778
2025-11-17 16:16:15,6505,0.0000,0.0000,0.0000,0.0000,0.2778,0.2778
2025-11-17 16:16:27,6516,0.0000,0.0000,0.0000,0.0000,0.2778,0.2778
2025-11-17 16:16:37,6527,0.0000,0.0000,0.0000,0.0000,0.2778,0.2778
2025-11-17 16:16:47,6537,0.0000,0.0000,0.0000,0.0000,0.2778,0.2778
2025-11-17 16:16:57,6547,0.0000,0.0000,0.0000,0.0000,0.2778,0.2778
2025-11-17 16:17:07,6557,0.0000,0.0000,0.0000,0.0000,0.2778,0.2778
2025-11-17 16:17:18,6567,0.0000,0.0000,0.0000,0.0000,0.2778,0.2778
2025-11-17 16:17:28,6577,0.0000,0.0000,0.0000,0.0000,0.2778,0.2778
2025-11-17 16:17:38,6588,0.0000,0.0000,0.0000,0.0000,0.2778,0.2778
2025-11-17 16:18:00,6610,0.0000,0.0000,0.0000,0.0000,0.2778,0.2778
2025-11-17 16:18:13,6620,0.0000,0.0000,0.0000,0.0000,0.2778,0.2778
2025-11-17 16:18:21,6630,0.0000,0.0000,0.0000,0.0000,0.2778,0.2778
2025-11-17 16:18:52,6662,0.0000,0.0000,0.0000,0.0000,0.2778,0.2778
2025-11-17 16:19:02,6672,0.0000,0.0000,0.0000,0.0000,0.2778,0.2778
2025-11-17 16:19:13,6683,0.0000,0.0000,0.0000,0.0000,0.2778,0.2778
2025-11-17 16:19:24,6693,0.0000,0.0000,0.0000,0.0000,0.2778,0.2778
2025-11-17 16:19:35,6704,0.0000,0.0000,0.0000,0.0000,0.2778,0.2778
2025-11-17 16:19:44,6714,0.0000,0.0000,0.0000,0.0000,0.2778,0.2778
2025-11-17 16:19:54,6724,0.0000,0.0000,0.0000,0.0000,0.2778,0.2778
2025-11-17 16:20:04,6734,0.0000,0.0000,0.0000,0.0000,0.2778,0.2778
2025-11-17 16:20:26,6756,0.0000,0.0000,0.0000,0.0000,0.2778,0.2778
2025-11-17 16:20:36,6766,0.0000,0.0000,0.0000,0.0000,0.2778,0.2778
2025-11-17 16:20:49,6777,0.0000,0.0000,0.0000,0.0000,0.2778,0.2778
2025-11-17 16:20:58,6787,0.0000,0.0000,0.0000,0.0000,0.2778,0.2778
2025-11-17 16:21:08,6798,0.0000,0.0000,0.0000,0.0000,0.2778,0.2778
2025-11-17 16:21:18,6808,0.0000,0.0000,0.0000,0.0000,0.2778,0.2778
2025-11-17 16:21:28,6818,0.0000,0.0000,0.0000,0.0000,0.2778,0.2778
2025-11-17 16:21:41,6828,0.0000,0.0000,0.0000,0.0000,0.2778,0.2778
2025-11-17 16:21:59,6846,0.0000,0.0000,0.0000,0.0000,0.2778,0.2778
2025-11-17 16:22:09,6859,0.0000,0.0000,0.0000,0.0000,0.2778,0.2778
2025-11-17 16:22:19,6869,0.0000,0.0000,0.0000,0.0000,0.2778,0.2778
2025-11-17 16:22:40,6890,0.0000,0.0000,0.0000,0.0000,0.2778,0.2778
2025-11-17 16:22:50,6900,0.0000,0.0000,0.0000,0.0000,0.2778,0.2778
2025-11-17 16:23:00,6910,0.0000,0.0000,0.0000,0.0000,0.2778,0.2778
2025-11-17 16:23:13,6920,0.0000,0.0000,0.0000,0.0000,0.2778,0.2778
2025-11-17 16:23:28,6932,0.0000,0.0000,0.0000,0.0000,0.2778,0.2778
2025-11-17 16:23:41,6948,0.0000,0.0000,0.0000,0.0000,0.2778,0.2778
2025-11-17 16:24:02,6972,0.0000,0.0000,0.0000,0.0000,0.2778,0.2778
2025-11-17 16:24:12,6982,0.0000,0.0000,0.0000,0.0000,0.2778,0.2778
2025-11-17 16:24:23,6992,0.0000,0.0000,0.0000,0.0000,0.2778,0.2778
2025-11-17 16:24:32,7002,0.0000,0.0000,0.0000,0.0000,0.2778,0.2778
2025-11-17 16:24:54,7023,0.0000,0.0000,0.0000,0.0000,0.2778,0.2778
2025-11-17 16:25:03,7033,0.0000,0.0000,0.0000,0.0000,0.2778,0.2778
2025-11-17 16:25:18,7048,0.0000,0.0000,0.0000,0.0000,0.2778,0.2778
2025-11-17 16:25:29,7059,0.0000,0.0000,0.0000,0.0000,0.2778,0.2778
2025-11-17 16:25:39,7069,0.0000,0.0000,0.0000,0.0000,0.2778,0.2778
2025-11-17 16:25:50,7080,0.0000,0.0000,0.0000,0.0000,0.2778,0.2778
2025-11-17 16:26:00,7090,0.0000,0.0000,0.0000,0.0000,0.2778,0.2778
2025-11-17 16:26:22,7107,0.0000,0.0000,0.0000,0.0000,0.2778,0.2778
2025-11-17 16:26:27,7117,0.0000,0.0000,0.0000,0.0000,0.2778,0.2778
2025-11-17 16:26:37,7127,0.0000,0.0000,0.0000,0.0000,0.2778,0.2778
2025-11-17 16:26:48,7138,0.0000,0.0000,0.0000,0.0000,0.2778,0.2778
2025-11-17 16:26:58,7148,0.0000,0.0000,0.0000,0.0000,0.2778,0.2778
2025-11-17 16:27:08,7158,0.0000,0.0000,0.0000,0.0000,0.2778,0.2778
2025-11-17 16:27:28,7169,0.0000,0.0000,0.0000,0.0000,0.2778,0.2778
2025-11-17 16:27:34,7181,0.0000,0.0000,0.0000,0.0000,0.2778,0.2778
2025-11-17 16:27:41,7191,0.0000,0.0000,0.0000,0.0000,0.2778,0.2778
2025-11-17 16:27:52,7202,0.0000,0.0000,0.0000,0.0000,0.2778,0.2778
2025-11-17 16:28:04,7212,0.0000,0.0000,0.0000,0.0000,0.2778,0.2778
2025-11-17 16:28:14,7224,0.0000,0.0000,0.0000,0.0000,0.2778,0.2778
2025-11-17 16:28:24,7234,0.0000,0.0000,0.0000,0.0000,0.2778,0.2778
2025-11-17 16:28:58,7266,0.0000,0.0000,0.0000,0.0000,0.2778,0.2778
2025-11-17 16:29:07,7277,0.0000,0.0000,0.0000,0.0000,0.2778,0.2778
2025-11-17 16:29:17,7287,0.0000,2020.6309,0.0000,0.0000,0.0000,2020.6309
2025-11-17 16:29:28,7297,0.0000,0.0000,0.0000,0.0000,0.2778,0.2778
2025-11-17 16:29:44,7309,0.0000,6.3497,0.0000,0.0000,0.0000,6.3497
2025-11-17 16:29:53,7323,0.0000,0.0000,0.0000,0.0000,0.2778,0.2778
2025-11-17 16:30:04,7334,0.0000,4.5319,0.0000,0.0000,0.2778,4.8097
2025-11-17 16:30:18,7344,0.0000,1.2064,0.0000,0.0000,0.0000,1.2064
2025-11-17 16:30:25,7354,0.0000,0.0000,0.0000,0.0000,0.2778,0.2778
2025-11-17 16:30:39,7370,0.0000,0.0000,0.0000,0.0000,0.2778,0.2778
2025-11-17 16:30:50,7380,0.0000,8.4792,0.0000,0.0000,0.0000,8.4792
2025-11-17 16:31:00,7390,0.0000,3.0628,0.0000,0.0000,0.2778,3.3406
2025-11-17 16:31:10,7400,0.0000,0.0000,0.0000,0.0000,0.2778,0.2778
2025-11-17 16:31:21,7411,0.0000,0.6861,0.0000,0.0000,0.2778,0.9639
2025-11-17 16:31:32,7422,0.0000,0.0000,0.0000,0.0000,0.2778,0.2778
2025-11-17 16:31:45,7432,0.0000,0.0000,0.0000,0.0000,0.2778,0.2778
2025-11-17 16:31:53,7442,0.0000,0.0000,0.0000,0.0000,0.2778,0.2778
2025-11-17 16:32:03,7453,0.0000,10.6256,0.0000,0.0000,0.0000,10.6256
2025-11-17 16:32:13,7463,0.0000,0.3425,0.0000,0.0000,0.0000,0.3425
2025-11-17 16:32:24,7473,0.0000,1.0289,0.0000,0.0000,0.0000,1.0289
2025-11-17 16:32:34,7483,0.0000,1.3722,0.0000,0.0000,0.0000,1.3722
2025-11-17 16:32:46,7494,0.0000,1.5383,0.0000,0.0000,0.2778,1.8161
2025-11-17 16:32:54,7504,0.0000,0.6864,0.0000,0.0000,0.2778,0.9642
2025-11-17 16:33:04,7514,0.0000,0.0000,0.0000,0.0000,0.2778,0.2778
2025-11-17 16:33:15,7525,0.0000,0.1656,0.0000,0.0000,0.2778,0.4433
2025-11-17 16:33:25,7535,0.0000,0.0000,0.0000,0.0000,0.2778,0.2778
2025-11-17 16:33:35,7545,0.0000,0.0000,0.0000,0.0000,0.2778,0.2778
2025-11-17 16:33:46,7556,0.0000,5.7728,0.0000,0.0000,0.2778,6.0506
2025-11-17 16:34:15,19,0.0086,0.0000,0.0000,0.0000,0.0000,0.0086
2025-11-17 16:34:27,30,0.0018,0.0000,0.0000,0.1644,0.0000,0.1662
2025-11-17 16:34:35,40,0.0000,0.0000,0.0000,0.0000,0.2778,0.2778
2025-11-17 16:34:45,50,0.0000,0.0000,0.0000,0.0000,0.2778,0.2778
2025-11-17 16:34:56,61,0.0000,0.0000,0.0000,0.0000,0.2778,0.2778
2025-11-17 16:35:06,71,0.0000,0.0000,0.0000,0.0000,0.2778,0.2778
2025-11-17 16:35:17,82,0.0000,0.0000,0.0000,0.0000,0.2778,0.2778
2025-11-17 16:35:27,92,0.0000,0.0000,0.0000,0.0000,0.2778,0.2778
2025-11-17 16:35:37,102,0.0000,0.0000,0.0000,0.0000,0.2778,0.2778
2025-11-17 16:35:48,112,0.0000,0.0000,0.0000,0.6148,0.2778,0.8926
2025-11-17 16:35:59,123,0.0000,0.0000,0.0000,0.0000,0.2778,0.2778
2025-11-17 16:36:09,134,0.0000,0.0000,0.0000,0.0000,0.2778,0.2778
2025-11-17 16:36:19,144,0.0000,0.0000,0.0000,0.0000,0.2778,0.2778
2025-11-17 16:36:29,154,0.0000,0.0000,0.0000,0.0000,0.2778,0.2778
2025-11-17 16:36:40,165,0.0000,0.0000,0.0000,0.0000,0.2778,0.2778
2025-11-17 16:36:51,175,0.0000,0.0000,0.0000,0.0000,0.2778,0.2778
2025-11-17 16:37:01,186,0.0000,0.0000,0.0000,0.0000,0.2778,0.2778
2025-11-17 16:37:11,196,0.0000,0.0000,0.0000,0.0000,0.2778,0.2778
2025-11-17 16:37:22,206,0.0000,0.0000,0.0000,0.0000,0.2778,0.2778
2025-11-17 16:37:32,217,0.0000,0.0000,0.0000,0.0000,0.2778,0.2778
2025-11-17 16:37:42,227,0.0000,0.0000,0.0000,0.0000,0.2778,0.2778
2025-11-17 16:37:54,238,0.0000,61.3761,0.0000,0.0000,0.2778,61.6539
2025-11-17 16:38:07,249,0.0000,0.0000,0.0000,0.0000,0.2778,0.2778
2025-11-17 16:38:14,259,0.0000,0.0000,0.0000,0.0000,0.2778,0.2778
2025-11-17 16:38:27,269,0.0000,0.0000,0.0000,0.0000,0.2778,0.2778
2025-11-17 16:38:37,281,0.0000,13.7050,0.0000,0.0000,0.0000,13.7050
2025-11-17 16:38:49,291,0.0000,0.3431,0.0000,0.0000,0.0000,0.3431
2025-11-17 16:38:58,302,0.0000,0.0000,0.0000,0.0000,0.2778,0.2778
2025-11-17 16:39:08,312,0.0000,5.8931,0.0000,0.0000,0.2778,6.1708
2025-11-17 16:39:34,322,0.0000,0.0000,0.0000,0.0000,0.2778,0.2778
2025-11-17 16:39:40,341,0.0000,0.0000,0.0000,0.0000,0.2778,0.2778
2025-11-17 16:39:47,351,0.0000,11.1600,0.0000,0.0000,0.2778,11.4378
2025-11-17 16:39:57,361,0.0000,2.6531,0.0000,0.0000,0.0000,2.6531
2025-11-17 16:40:10,372,0.0000,0.0000,0.0000,0.0000,0.2778,0.2778
2025-11-17 16:40:17,382,0.0000,0.6864,0.0000,0.0000,0.2778,0.9642
2025-11-17 16:40:29,393,0.0000,0.8636,0.0000,0.0000,0.2778,1.1414
2025-11-17 16:40:38,403,0.0000,0.8639,0.0000,0.0000,0.0000,0.8639
2025-11-17 16:40:48,413,0.0000,2.9617,0.0000,0.0000,0.2778,3.2394
2025-11-17 16:40:58,423,0.0000,0.1775,0.0000,0.0000,0.2778,0.4553
2025-11-17 16:41:09,434,0.0000,0.5197,0.0000,0.0000,0.2778,0.7975
2025-11-17 16:41:19,444,0.0000,0.1775,0.0000,0.0000,0.2778,0.4553
2025-11-17 16:41:29,454,0.0000,0.6850,0.0000,0.0000,0.0000,0.6850
2025-11-17 16:41:40,464,0.0000,0.3431,0.0000,0.0000,0.0000,0.3431
2025-11-17 16:41:50,475,0.0000,0.3433,0.0000,0.0000,0.0000,0.3433
2025-11-17 16:42:00,485,0.0018,0.3436,0.0000,0.0000,0.2778,0.6232
2025-11-17 16:42:11,495,0.0000,0.5086,0.0000,0.0000,0.2778,0.7864
2025-11-17 16:42:20,505,0.0052,0.3428,0.0000,0.0000,0.2778,0.6257
2025-11-17 16:42:30,515,0.0051,0.8603,0.0000,0.0000,0.2778,1.1431
2025-11-17 16:42:40,525,0.0109,0.3433,0.0000,0.0000,0.2778,0.6320
2025-11-17 16:42:51,536,0.0018,0.1800,0.0000,0.0000,0.2778,0.4596
2025-11-17 16:43:01,546,0.0144,0.3433,0.0000,0.0000,0.2778,0.6356
2025-11-17 16:43:11,556,0.0000,0.1656,0.0000,0.0000,0.2778,0.4433
2025-11-17 16:43:21,566,0.0000,0.3428,0.0000,0.0000,0.2778,0.6206
2025-11-17 16:43:31,576,0.0018,0.1642,0.0000,0.0000,0.2778,0.4437
2025-11-17 16:43:41,586,0.0000,0.3431,0.0000,0.0000,0.0000,0.3431
2025-11-17 16:43:51,596,0.0000,0.1653,0.0000,0.0000,0.2778,0.4431
2025-11-17 16:44:02,607,0.0000,0.1658,0.0000,0.0000,0.0000,0.1658
2025-11-17 16:45:15,11,0.0000,0.0000,0.0088,0.0000,0.0000,0.0088
2025-11-17 16:45:26,21,0.0000,0.1764,0.1389,0.0000,0.0000,0.3153
2025-11-17 16:46:34,13,0.0000,0.1664,0.0000,0.0000,0.0000,0.1664
2025-11-17 16:46:44,23,0.0052,0.1656,0.0000,0.1055,0.2778,0.5541
2025-11-17 16:46:55,33,0.0035,0.1769,0.0000,0.0000,0.0000,0.1804
2025-11-17 16:47:05,43,0.0000,0.1689,0.0865,0.0000,0.2778,0.5331
2025-11-17 16:47:15,54,0.0000,0.0000,0.1420,0.0000,0.0000,0.1420
2025-11-17 16:47:26,64,0.0035,0.5217,0.0000,0.0000,0.2778,0.8029
2025-11-17 16:47:36,74,0.0000,0.5250,0.0000,0.0000,0.2778,0.8028
2025-11-17 16:47:49,86,0.0000,0.1739,0.0000,0.0000,0.2778,0.4517
2025-11-17 16:48:00,99,0.0000,0.7347,0.0000,0.0000,0.2778,1.0125
2025-11-17 16:48:11,109,0.0000,1.4192,0.0000,0.0000,0.2778,1.6969
2025-11-17 16:48:21,119,0.0000,0.0000,0.0000,0.0000,0.2778,0.2778
2025-11-17 16:48:33,130,0.0000,0.5144,0.0000,0.0000,0.2778,0.7922
2025-11-17 16:48:41,140,0.0000,0.5144,0.0000,0.0000,0.2778,0.7922
2025-11-17 16:48:52,150,0.0000,0.1772,0.0000,0.0000,0.0000,0.1772
2025-11-17 16:50:12,230,0.1912,0.0000,0.0000,0.0000,0.0000,0.1912
2025-11-17 16:50:24,242,0.0000,26.6047,0.0000,0.0000,0.0000,26.6047
2025-11-17 16:50:35,253,0.0000,0.0000,0.0000,0.0000,0.2778,0.2778
2025-11-17 16:51:52,330,0.1551,0.0000,0.0000,0.0000,0.0000,0.1551
2025-11-17 16:52:18,356,0.0000,0.0000,0.0000,0.0000,0.2778,0.2778
2025-11-17 17:02:19,956,0.0000,0.0000,0.0000,0.0000,0.2778,0.2778
2025-11-17 17:02:46,978,0.0000,0.0000,0.0000,0.0000,0.2778,0.2778
2025-11-17 17:03:11,1007,0.0000,0.0000,0.0000,0.0000,0.2778,0.2778
2025-11-17 17:03:20,1018,0.0000,0.0000,0.0000,0.0000,0.2778,0.2778
2025-11-17 17:04:05,1063,0.0000,0.1658,0.0000,0.0000,0.2778,0.4436
2025-11-17 17:04:17,1073,0.0000,0.0000,0.0000,0.0000,0.2778,0.2778
2025-11-17 17:04:28,1086,0.0000,0.0000,0.0000,0.0000,0.2778,0.2778
2025-11-17 17:04:38,1096,0.0000,0.0000,0.0000,0.0000,0.2778,0.2778
2025-11-17 17:04:48,1106,0.0000,0.0000,0.0000,0.0000,0.2778,0.2778
2025-11-17 17:05:01,1116,0.0000,0.0000,0.0000,0.0000,0.2778,0.2778
2025-11-17 17:05:25,1140,0.0000,0.0000,0.0000,0.0000,0.2778,0.2778
2025-11-17 17:05:35,1153,0.0000,0.0000,0.0000,0.0000,0.2778,0.2778
2025-11-17 17:06:16,1192,0.0000,0.0000,0.0000,0.0000,0.2778,0.2778
2025-11-17 17:06:32,1209,0.0000,0.0000,0.0000,0.0000,0.2778,0.2778
2025-11-17 17:06:47,1226,0.0000,0.0000,0.0000,0.0000,0.2778,0.2778
2025-11-17 17:06:58,1236,0.0000,0.0000,0.0000,0.0000,0.2778,0.2778
2025-11-17 17:07:08,1247,0.0000,0.1658,0.0000,0.0000,0.0000,0.1658
2025-11-17 17:07:19,1257,0.0000,0.0000,0.0000,0.0000,0.2778,0.2778
2025-11-17 17:07:29,1268,0.0000,0.0000,0.0000,0.0000,0.2778,0.2778
2025-11-17 17:07:40,1278,0.0000,0.0000,0.0000,0.0000,0.2778,0.2778
2025-11-17 17:07:50,1288,0.0000,0.1778,0.0000,0.0000,0.0000,0.1778
2025-11-17 17:08:00,1298,0.0000,0.0000,0.0000,0.0000,0.2778,0.2778
2025-11-17 17:08:11,1309,0.0000,0.0000,0.0000,0.0000,0.2778,0.2778
2025-11-17 17:08:21,1319,0.0000,0.1775,0.0000,0.0000,0.2778,0.4553
2025-11-17 17:08:32,1330,0.0000,0.0000,0.0000,0.0000,0.2778,0.2778
2025-11-17 17:08:46,1341,0.0000,0.0000,0.0000,0.0000,0.2778,0.2778
2025-11-17 17:08:53,1351,0.0000,0.0000,0.0000,0.0000,0.2778,0.2778
2025-11-17 17:09:04,1362,0.0000,0.0000,0.0000,0.0000,0.2778,0.2778
2025-11-17 17:09:14,1373,0.0000,0.0000,0.0000,0.0000,0.2778,0.2778
2025-11-17 17:09:25,1383,0.0000,0.0000,0.0000,0.0000,0.2778,0.2778
2025-11-17 17:09:35,1393,0.0000,0.0000,0.0000,0.0000,0.2778,0.2778
2025-11-17 17:09:45,1404,0.0000,0.0000,0.0000,0.0000,0.2778,0.2778
2025-11-17 17:10:00,1414,0.0000,0.0000,0.0000,0.0000,0.2778,0.2778
2025-11-17 17:10:06,1424,0.0000,0.0000,0.0000,0.0000,0.2778,0.2778
2025-11-17 17:10:16,1434,0.0000,0.0000,0.0000,0.0000,0.2778,0.2778
2025-11-17 17:10:27,1445,0.0000,0.1775,0.0000,0.0000,0.0000,0.1775
2025-11-17 17:10:43,1461,0.0000,0.0000,0.0000,0.0000,0.2778,0.2778
2025-11-17 17:10:54,1471,0.0000,0.0000,0.0000,0.0000,0.2778,0.2778
2025-11-17 17:11:51,1526,0.0000,0.0000,0.0000,0.0000,0.2778,0.2778
2025-11-17 17:12:35,1572,0.0000,0.0000,0.0000,0.0000,0.2778,0.2778
2025-11-17 17:12:44,1582,0.0000,0.0000,0.0000,0.0000,0.2778,0.2778
2025-11-17 17:12:55,1593,0.0000,0.0000,0.0000,0.0000,0.2778,0.2778
2025-11-17 17:13:08,1603,0.0000,0.0000,0.0000,0.0000,0.2778,0.2778
2025-11-17 17:13:16,1614,0.0000,0.0000,0.0000,0.0000,0.2778,0.2778
2025-11-17 17:13:31,1629,0.0000,0.0000,0.0000,0.0000,0.2778,0.2778
2025-11-17 17:13:56,1651,0.0000,0.0000,0.0000,0.0000,0.2778,0.2778
2025-11-17 17:14:03,1661,0.0000,0.0000,0.0000,0.0000,0.2778,0.2778
2025-11-17 17:14:39,1696,0.0000,0.0000,0.0000,0.0000,0.2778,0.2778
2025-11-17 17:14:49,1707,0.0000,0.0000,0.0000,0.0000,0.2778,0.2778
2025-11-17 17:15:00,1717,0.0000,0.0000,0.0000,0.0000,0.2778,0.2778
2025-11-17 17:15:12,1728,0.0000,0.0000,0.0000,0.0000,0.2778,0.2778
2025-11-17 17:15:33,1748,0.0000,0.1769,0.0000,0.0000,0.0000,0.1769
2025-11-17 17:15:40,1758,0.0000,0.1769,0.0000,0.0000,0.0000,0.1769
2025-11-17 17:15:54,1769,0.0000,0.0000,0.0000,0.0000,0.2778,0.2778
2025-11-17 17:16:01,1779,0.0000,0.0000,0.0000,0.0000,0.2778,0.2778
2025-11-17 17:17:01,1839,0.0000,0.0000,0.0000,0.0000,0.2778,0.2778
2025-11-17 17:17:13,1849,0.0000,0.0000,0.0000,0.0000,0.2778,0.2778
2025-11-17 17:17:21,1860,0.0000,0.0000,0.0000,0.0000,0.2778,0.2778
2025-11-17 17:17:32,1870,0.0000,0.0000,0.0000,0.0000,0.2778,0.2778
2025-11-17 17:17:42,1880,0.0000,0.0000,0.0000,0.0000,0.2778,0.2778
2025-11-17 17:17:53,1891,0.0000,0.0000,0.0000,0.0000,0.2778,0.2778
2025-11-17 17:18:03,1901,0.0000,0.0000,0.0000,0.0000,0.2778,0.2778
2025-11-17 17:18:19,1917,0.0000,0.0000,0.0000,0.0000,0.2778,0.2778
2025-11-17 17:18:29,1927,0.0000,0.0000,0.0000,0.0000,0.2778,0.2778
2025-11-17 17:19:13,1971,0.0000,0.1772,0.0000,0.0000,0.2778,0.4550
2025-11-17 17:19:23,1981,0.0000,0.0000,0.0000,0.0000,0.2778,0.2778
2025-11-17 17:19:37,1992,0.0000,0.0000,0.0000,0.0000,0.2778,0.2778
2025-11-17 17:19:47,2005,0.0000,0.0000,0.0000,0.0000,0.2778,0.2778
2025-11-17 17:19:57,2015,0.0000,0.0000,0.0000,0.0000,0.2778,0.2778
2025-11-17 17:20:07,2025,0.0000,0.0000,0.0000,0.0000,0.2778,0.2778
2025-11-17 17:20:18,2036,0.0000,0.0000,0.0000,0.0000,0.2778,0.2778
2025-11-17 17:20:31,2048,0.0000,0.0000,0.0000,0.0000,0.2778,0.2778
2025-11-17 17:20:40,2058,0.0000,0.0000,0.0000,0.0000,0.2778,0.2778
2025-11-17 17:21:08,2085,0.0000,0.0000,0.0000,0.0000,0.2778,0.2778
2025-11-17 17:21:19,2096,0.0000,0.0000,0.0000,0.0000,0.2778,0.2778
2025-11-17 17:21:29,2107,0.0000,0.0000,0.0000,0.0000,0.2778,0.2778
2025-11-17 17:21:39,2117,0.0000,0.0000,0.0000,0.0000,0.2778,0.2778
2025-11-17 17:22:12,2150,0.0000,0.0000,0.0000,0.0000,0.2778,0.2778
2025-11-17 17:22:25,2161,0.0000,0.0000,0.0000,0.0000,0.2778,0.2778
2025-11-17 17:22:35,2171,0.0000,0.0000,0.0000,0.0000,0.2778,0.2778
2025-11-17 17:22:47,2183,0.0000,0.0000,0.0000,0.0000,0.2778,0.2778
2025-11-17 17:22:55,2193,0.0000,0.0000,0.0000,0.0000,0.2778,0.2778
2025-11-17 17:23:06,2204,0.0000,0.0000,0.0000,0.0000,0.2778,0.2778
2025-11-17 17:23:54,2253,0.0000,0.0000,0.0000,0.0000,0.2778,0.2778
2025-11-17 17:24:06,2263,0.0000,0.0000,0.0000,0.0000,0.2778,0.2778
2025-11-17 17:25:06,2324,0.0000,0.0000,0.0000,0.0000,0.2778,0.2778
2025-11-17 17:25:42,2357,0.0000,0.0000,0.0000,0.0000,0.2778,0.2778
2025-11-17 17:25:56,2370,0.0000,0.0000,0.0000,0.0000,0.2778,0.2778
2025-11-17 17:26:03,2380,0.0000,0.0000,0.0000,0.0000,0.2778,0.2778
2025-11-17 17:26:12,2390,0.0000,0.0000,0.0000,0.0000,0.2778,0.2778
2025-11-17 17:26:23,2400,0.0000,0.0000,0.0000,0.0000,0.2778,0.2778
2025-11-17 17:26:33,2411,0.0000,0.0000,0.0000,0.0000,0.2778,0.2778
2025-11-17 17:26:49,2427,0.0000,0.0000,0.0000,0.0000,0.2778,0.2778
2025-11-17 17:27:00,2438,0.0000,0.0000,0.0000,0.0000,0.2778,0.2778
2025-11-17 17:27:31,2470,0.0000,0.0000,0.0000,0.0000,0.2778,0.2778
2025-11-17 17:27:54,2491,0.0000,0.0000,0.0000,0.0000,0.2778,0.2778
2025-11-17 17:28:17,10,0.0000,0.0000,0.0000,0.0000,0.2778,0.2778
2025-11-17 17:28:28,20,0.0051,0.0000,0.0000,0.0000,0.0000,0.0051
2025-11-17 17:28:38,31,0.0000,0.0000,0.0000,0.0000,0.2778,0.2778
2025-11-17 17:28:48,41,0.0000,0.0000,0.0000,0.0000,0.2778,0.2778
2025-11-17 17:28:59,52,0.0000,0.0000,0.0000,0.0000,0.2778,0.2778
2025-11-17 17:29:09,62,0.0000,0.0000,0.0000,0.0000,0.2778,0.2778
2025-11-17 17:29:19,72,0.0000,0.0000,0.0000,0.0000,0.2778,0.2778
2025-11-17 17:29:30,82,0.0000,0.0000,0.0000,0.0000,0.2778,0.2778
2025-11-17 17:29:41,93,0.0000,0.0000,0.0000,0.0000,0.2778,0.2778
2025-11-17 17:29:56,109,0.0000,0.0000,0.0000,0.0000,0.2778,0.2778
2025-11-17 17:30:06,119,0.0000,0.0000,0.0000,0.0000,0.2778,0.2778
2025-11-17 17:30:16,129,0.0000,0.0000,0.0000,0.0000,0.2778,0.2778
2025-11-17 17:30:39,151,0.0000,0.0000,0.0000,0.0000,0.2778,0.2778
2025-11-17 17:30:49,161,0.0000,0.0000,0.0000,0.0000,0.2778,0.2778
2025-11-17 17:31:10,183,0.0000,0.0000,0.0000,0.0000,0.2778,0.2778
2025-11-17 17:31:21,193,0.0000,0.0000,0.0000,0.0000,0.2778,0.2778
2025-11-17 17:31:31,203,0.0000,0.0000,0.0000,0.0000,0.2778,0.2778
2025-11-17 17:31:41,214,0.0000,0.0000,0.0000,0.0000,0.2778,0.2778
2025-11-17 17:32:00,231,0.0000,0.0000,0.0000,0.0000,0.2778,0.2778
2025-11-17 17:32:09,241,0.0000,0.0000,0.0000,0.0000,0.2778,0.2778
2025-11-17 17:32:19,252,0.0000,0.0000,0.0000,0.0000,0.2778,0.2778
2025-11-17 17:32:31,262,0.0000,0.0000,0.0000,0.0000,0.2778,0.2778
2025-11-17 17:32:41,274,0.0000,0.0000,0.0000,0.0000,0.2778,0.2778
2025-11-17 17:32:51,284,0.0000,0.0000,0.0000,0.0000,0.2778,0.2778
2025-11-17 17:33:06,295,0.0000,0.0000,0.0000,0.0000,0.2778,0.2778
2025-11-17 17:33:27,319,0.0000,0.0000,0.0000,0.0000,0.2778,0.2778
2025-11-17 17:34:05,358,0.0000,0.0000,0.0000,0.0000,0.2778,0.2778
2025-11-17 17:34:16,369,0.0000,0.0000,0.0000,0.0000,0.2778,0.2778
2025-11-17 17:34:27,380,0.0000,0.0000,0.0000,0.0000,0.2778,0.2778
2025-11-17 17:34:37,390,0.0000,0.0000,0.0178,0.0000,0.0000,0.0178
2025-11-17 17:34:48,400,0.0000,0.0000,0.0166,0.0000,0.2778,0.2943
2025-11-17 17:35:04,416,0.0000,0.0000,0.0088,0.0000,0.2778,0.2866
2025-11-17 17:35:13,426,0.0000,0.0000,0.0083,0.0000,0.0000,0.0083
2025-11-17 17:35:24,437,0.0000,0.0000,0.0524,0.0000,0.2778,0.3302
2025-11-17 17:35:34,447,0.0000,0.0000,0.1025,0.0000,0.2778,0.3803
2025-11-17 17:35:46,457,0.0000,0.0000,0.0546,0.0000,0.2778,0.3323
2025-11-17 17:35:55,468,0.0000,0.0000,0.0438,0.0000,0.0000,0.0438
2025-11-17 17:36:05,478,0.0000,0.0000,0.1405,0.0000,0.2778,0.4182
2025-11-17 17:36:17,489,0.0000,0.0000,0.1464,0.0000,0.2778,0.4242
2025-11-17 17:36:27,499,0.0000,0.0000,0.1441,0.0000,0.2778,0.4218
2025-11-17 17:36:36,509,0.0000,0.0000,0.1395,0.0000,0.2778,0.4173
2025-11-17 17:36:46,519,0.0000,0.0000,0.1420,0.0000,0.2778,0.4198
2025-11-17 17:36:56,529,0.0000,0.0000,0.1408,0.0000,0.2778,0.4186
2025-11-17 17:37:07,539,0.0000,0.0000,0.1391,0.0000,0.0000,0.1391
2025-11-17 17:37:18,550,0.0000,0.0000,0.1448,0.0000,0.2778,0.4226
2025-11-17 17:37:28,560,0.0000,0.0000,0.1397,0.0000,0.2778,0.4174
2025-11-17 17:37:37,570,0.0000,0.0000,0.1426,0.0000,0.2778,0.4204
2025-11-17 17:37:47,580,0.0000,0.0000,0.1390,0.0000,0.2778,0.4168
2025-11-17 17:37:59,591,0.0000,0.0000,0.1454,0.0000,0.0000,0.1454
2025-11-17 17:38:08,601,0.0000,0.0000,0.1404,0.0000,0.0000,0.1404
2025-11-17 17:38:22,611,0.0000,0.0000,0.1452,0.0000,0.0000,0.1452
2025-11-17 17:38:29,622,0.0000,0.0000,0.1448,0.0000,0.0000,0.1448
2025-11-17 17:38:39,632,0.0000,0.0000,0.1399,0.0000,0.2778,0.4177
2025-11-17 17:38:49,642,0.0000,0.0000,0.1448,0.0000,0.0000,0.1448
2025-11-17 17:39:02,652,0.0000,0.0000,0.1394,0.0000,0.0000,0.1394
2025-11-17 17:39:10,662,0.0000,0.0000,0.1409,0.0000,0.0000,0.1409
2025-11-17 17:39:22,672,0.0000,0.0000,0.1422,0.0000,0.2778,0.4200
2025-11-17 17:39:30,683,0.0000,0.0000,0.0000,0.0000,0.2778,0.2778
2025-11-17 17:39:40,693,0.0000,0.0000,0.0509,0.0000,0.2778,0.3286
2025-11-17 17:39:50,703,0.0000,0.0000,0.1265,0.0000,0.2778,0.4043
2025-11-17 17:40:01,714,0.0000,0.0000,0.1372,0.0000,0.0000,0.1372
2025-11-17 17:40:11,724,0.0000,0.0000,0.1421,0.0000,0.2778,0.4199
2025-11-17 17:40:22,734,0.0000,0.0000,0.1395,0.0000,0.2778,0.4173
2025-11-17 17:40:31,744,0.0000,0.0000,0.1393,0.0000,0.2778,0.4171
2025-11-17 17:40:42,755,0.0000,0.0000,0.1462,0.0000,0.2778,0.4239
2025-11-17 17:40:52,765,0.0000,0.0000,0.1438,0.0000,0.2778,0.4216
2025-11-17 17:41:03,775,0.0000,0.0000,0.1406,0.0000,0.2778,0.4184
2025-11-17 17:41:14,786,0.0000,0.0000,0.1450,0.0000,0.0000,0.1450
2025-11-17 17:41:23,796,0.0000,0.0000,0.1451,0.0000,0.2778,0.4228
2025-11-17 17:41:35,806,0.0000,0.0000,0.1440,0.0000,0.2778,0.4218
2025-11-17 17:41:44,817,0.0000,0.0000,0.0822,0.0000,0.0000,0.0822
2025-11-17 17:41:54,827,0.0000,0.0000,0.1273,0.0000,0.2778,0.4051
2025-11-17 17:42:04,837,0.0000,0.0000,0.0552,0.0000,0.0000,0.0552
2025-11-17 17:42:15,847,0.0000,0.0000,0.0000,0.0000,0.2778,0.2778
2025-11-17 17:42:25,858,0.0000,0.0000,0.0089,0.0000,0.2778,0.2867
2025-11-17 17:42:37,868,0.0000,0.0000,0.0000,0.0000,0.2778,0.2778
2025-11-17 17:42:50,880,0.0000,0.0000,0.0000,0.0000,0.2778,0.2778
2025-11-17 17:42:58,890,0.0000,0.0000,0.0000,0.0000,0.2778,0.2778
2025-11-17 17:43:20,912,0.0000,0.0000,0.0000,0.0000,0.2778,0.2778
2025-11-17 17:43:30,923,0.0000,0.0000,0.0000,0.0000,0.2778,0.2778
2025-11-17 17:43:40,933,0.0000,0.0000,0.0000,0.0000,0.2778,0.2778
2025-11-17 17:43:50,943,0.0000,0.0000,0.0000,0.0000,0.2778,0.2778
2025-11-17 17:44:06,959,0.0000,0.0000,0.0000,0.0000,0.2778,0.2778
2025-11-17 17:44:18,970,0.0000,0.0000,0.0000,0.0000,0.2778,0.2778
2025-11-17 17:44:28,980,0.0000,0.0000,0.0000,0.0000,0.2778,0.2778
2025-11-17 17:44:45,996,0.0000,0.0000,0.0000,0.0000,0.2778,0.2778
2025-11-17 17:44:54,1007,0.0000,0.0000,0.0000,0.0000,0.2778,0.2778
2025-11-17 17:45:09,1022,0.0000,0.0000,0.0000,0.0000,0.2778,0.2778
2025-11-17 17:45:31,1044,0.0000,0.0000,0.0000,0.0000,0.2778,0.2778
2025-11-17 17:45:44,1054,0.0000,0.0000,0.0000,0.0000,0.2778,0.2778
2025-11-17 17:45:52,1064,0.0000,0.0000,0.0000,0.0000,0.2778,0.2778
2025-11-17 17:46:02,1075,0.0000,0.0000,0.0000,0.0000,0.2778,0.2778
2025-11-17 17:46:13,1085,0.0000,0.0000,0.0000,0.0000,0.2778,0.2778
2025-11-17 17:46:23,1095,0.0000,0.0000,0.0349,0.0000,0.2778,0.3127
2025-11-17 17:46:42,1106,0.0000,0.0000,0.0166,0.0000,0.0000,0.0166
2025-11-17 17:46:47,1120,0.0000,0.0000,0.0089,0.0000,0.0000,0.0089
2025-11-17 17:46:58,1130,0.0000,0.0000,0.0000,0.0000,0.2778,0.2778
2025-11-17 17:47:09,1141,0.0000,0.0000,0.0267,0.0000,0.0000,0.0267
2025-11-17 17:47:20,1152,0.0000,0.0000,0.1296,0.0000,0.0000,0.1296
2025-11-17 17:47:29,1162,0.0000,0.0000,0.0254,0.0000,0.0000,0.0254
2025-11-17 17:47:39,1172,0.0000,0.0000,0.0603,0.0000,0.0000,0.0603
2025-11-17 17:47:50,1182,0.0000,0.0000,0.1084,0.0000,0.2778,0.3862
2025-11-17 17:48:00,1193,0.0000,0.0000,0.1409,0.0000,0.2778,0.4187
2025-11-17 17:48:10,1203,0.0000,0.0000,0.1464,0.0000,0.0000,0.1464
2025-11-17 17:48:21,1213,0.0000,0.0000,0.1138,0.0000,0.0000,0.1138
2025-11-17 17:48:30,1224,0.0000,0.0000,0.1269,0.0000,0.2778,0.4047
2025-11-17 17:48:41,1234,0.0000,0.0000,0.0775,0.0000,0.2778,0.3553
2025-11-17 17:48:51,1244,0.0000,0.0000,0.1307,0.0000,0.2778,0.4085
2025-11-17 17:49:05,1255,0.0000,0.0000,0.1035,0.0000,0.2778,0.3813
2025-11-17 17:49:12,1265,0.0000,0.0000,0.1422,0.0000,0.2778,0.4200
2025-11-17 17:49:22,1275,0.0000,0.0000,0.1226,0.0000,0.2778,0.4003
2025-11-17 17:49:33,1285,0.0000,0.0000,0.0598,0.0000,0.2778,0.3376
2025-11-17 17:49:43,1295,0.0000,0.0000,0.0775,0.0000,0.0000,0.0775
2025-11-17 17:49:54,1306,0.0000,0.0000,0.1449,0.0000,0.0000,0.1449
2025-11-17 17:50:07,1316,0.0000,0.0000,0.1438,0.0000,0.0000,0.1438
2025-11-17 17:50:14,1326,0.0000,0.0000,0.1435,0.0000,0.2778,0.4212
2025-11-17 17:50:28,1337,0.0000,0.0000,0.1276,0.0000,0.2778,0.4054
2025-11-17 17:50:36,1347,0.0000,0.0000,0.1299,0.0000,0.2778,0.4077
2025-11-17 17:50:45,1358,0.0000,0.0000,0.1348,0.0000,0.2778,0.4125
2025-11-17 17:50:56,1368,0.0000,0.0000,0.1204,0.0000,0.2778,0.3982
2025-11-17 17:51:06,1379,0.0000,0.0000,0.0000,0.0000,0.2778,0.2778
2025-11-17 17:51:17,1389,0.0000,0.0000,0.0000,0.0000,0.2778,0.2778
2025-11-17 17:51:27,1400,0.0000,0.0000,0.0089,0.0000,0.2778,0.2867
2025-11-17 17:51:38,1410,0.0018,0.0000,0.0260,0.0000,0.2778,0.3055
2025-11-17 17:51:59,1432,0.0000,0.0000,0.0000,0.0000,0.2778,0.2778
2025-11-17 17:52:09,1442,0.0000,0.0000,0.0260,0.0000,0.2778,0.3038
2025-11-17 17:52:21,1453,0.0000,0.0000,0.0249,0.0000,0.2778,0.3026
2025-11-17 17:52:42,1474,0.0000,0.0000,0.0000,0.0000,0.2778,0.2778
2025-11-17 17:52:52,1484,0.0000,0.0000,0.0000,0.0000,0.2778,0.2778
2025-11-17 17:53:03,1495,0.0000,0.0000,0.0000,0.0000,0.2778,0.2778
2025-11-17 17:53:12,1505,0.0000,0.0000,0.0000,0.0000,0.2778,0.2778
2025-11-17 17:53:26,1517,0.0000,0.0000,0.0000,0.0000,0.2778,0.2778
2025-11-17 17:53:34,1527,0.0000,0.0000,0.0089,0.0000,0.0000,0.0089
2025-11-17 17:53:47,1538,0.0000,0.0000,0.0693,0.0000,0.0000,0.0693
2025-11-17 17:53:56,1548,0.0000,0.0000,0.0263,0.0000,0.2778,0.3041
2025-11-17 17:54:06,1559,0.0000,0.0000,0.0934,0.0000,0.2778,0.3712
2025-11-17 17:54:17,1569,0.0000,0.0000,0.0000,0.0000,0.2778,0.2778
2025-11-17 17:54:27,1579,0.0000,0.0000,0.0339,0.0000,0.0000,0.0339
2025-11-17 17:54:38,1589,0.0000,0.0000,0.0515,0.0000,0.2778,0.3293
2025-11-17 17:54:50,1600,0.0000,0.0000,0.0598,0.0000,0.0000,0.0598
2025-11-17 17:55:00,1610,0.0000,0.0000,0.1356,0.0000,0.0000,0.1356
2025-11-17 17:55:08,1620,0.0000,0.0000,0.0260,0.0000,0.0000,0.0260
2025-11-17 17:55:18,1631,0.0000,0.0000,0.1124,0.0000,0.2778,0.3902
2025-11-17 17:55:28,1641,0.0000,0.0000,0.0260,0.0000,0.0000,0.0260
2025-11-17 17:55:40,1652,0.0000,0.0000,0.0337,0.0000,0.2778,0.3115
2025-11-17 17:55:49,1662,0.0000,0.0000,0.1043,0.0000,0.0000,0.1043
2025-11-17 17:56:00,1673,0.0000,0.0000,0.0000,0.0000,0.2778,0.2778
2025-11-17 17:56:11,1683,0.0000,0.0000,0.0000,0.0000,0.2778,0.2778
2025-11-17 17:56:38,1710,0.0000,0.0000,0.0000,0.0000,0.2778,0.2778
2025-11-17 17:56:49,1721,0.0000,0.0000,0.0089,0.0000,0.2778,0.2867
2025-11-17 17:56:59,1731,0.0000,0.0000,0.0000,0.0000,0.2778,0.2778
2025-11-17 17:57:10,1742,0.0000,0.0000,0.0089,0.0000,0.2778,0.2866
2025-11-17 17:57:19,1752,0.0000,0.0000,0.0773,0.0000,0.0000,0.0773
2025-11-17 17:57:30,1763,0.0000,0.0000,0.0267,0.0000,0.0000,0.0267
2025-11-17 17:57:40,1773,0.0000,0.0000,0.0727,0.0000,0.2778,0.3505
2025-11-17 17:57:51,1783,0.0000,0.0000,0.0172,0.0000,0.2778,0.2950
2025-11-17 17:58:02,1794,0.0000,0.0000,0.0686,0.0000,0.2778,0.3464
2025-11-17 17:58:11,1804,0.0000,0.0000,0.0426,0.0000,0.2778,0.3204
2025-11-17 17:58:22,1814,0.0000,0.0000,0.0692,0.0000,0.0000,0.0692
2025-11-17 17:58:33,1825,0.0000,0.0000,0.0688,0.0000,0.2778,0.3465
2025-11-17 17:58:43,1835,0.0000,0.0000,0.1197,0.0000,0.2778,0.3975
2025-11-17 17:58:53,1845,0.0000,0.0000,0.0000,0.0000,0.2778,0.2778
2025-11-17 17:59:03,1855,0.0000,0.0000,0.0343,0.0000,0.2778,0.3121
2025-11-17 17:59:13,1866,0.0000,0.0000,0.0343,0.0000,0.2778,0.3121
2025-11-17 17:59:24,1876,0.0000,0.0000,0.0089,0.0000,0.2778,0.2867
2025-11-17 17:59:36,1886,0.0000,0.0000,0.0088,0.0000,0.2778,0.2866
2025-11-17 17:59:46,1896,0.0000,0.0000,0.0083,0.0000,0.2778,0.2860
2025-11-17 17:59:54,1907,0.0000,0.0000,0.0349,0.0000,0.2778,0.3127
2025-11-17 18:00:04,1917,0.0000,0.0000,0.1369,0.0000,0.2778,0.4146
2025-11-17 18:00:14,1927,0.0000,0.0000,0.1161,0.0000,0.2778,0.3939
2025-11-17 18:00:25,1938,0.0000,0.0000,0.1280,0.0000,0.2778,0.4058
2025-11-17 18:00:36,1948,0.0000,0.0000,0.1380,0.0000,0.2778,0.4158
2025-11-17 18:00:46,1959,0.0000,0.0000,0.1220,0.0000,0.2778,0.3998
2025-11-17 18:00:57,1970,0.0000,0.0000,0.0867,0.0000,0.0000,0.0867
2025-11-17 18:01:08,1980,0.0000,0.0000,0.0178,0.0000,0.2778,0.2956
2025-11-17 18:01:18,1990,0.0000,0.0000,0.0904,0.0000,0.2778,0.3681
2025-11-17 18:01:29,2002,0.0000,0.0000,0.0000,0.0000,0.2778,0.2778
2025-11-17 18:01:39,2012,0.0000,0.0000,0.0083,0.0000,0.2778,0.2861
2025-11-17 18:01:53,2023,0.0000,0.0000,0.1022,0.0000,0.2778,0.3800
2025-11-17 18:02:00,2033,0.0000,0.0000,0.0432,0.0000,0.2778,0.3210
2025-11-17 18:02:10,2043,0.0000,0.0000,0.1316,0.0000,0.2778,0.4093
2025-11-17 18:02:21,2053,0.0000,0.0000,0.1280,0.0000,0.2778,0.4057
2025-11-17 18:02:31,2064,0.0000,0.0000,0.0805,0.0000,0.2778,0.3583
2025-11-17 18:02:42,2074,0.0000,0.0000,0.0609,0.0000,0.0000,0.0609
2025-11-17 18:02:51,2084,0.0000,166.7908,0.0172,0.0000,0.0000,166.8080
2025-11-17 18:03:02,2094,0.0000,0.0000,0.0172,0.0000,0.2778,0.2949
2025-11-17 18:03:14,2104,0.0000,0.0000,0.0000,0.0000,0.2778,0.2778
2025-11-17 18:03:22,2115,0.0000,0.0000,0.0000,0.0000,0.2778,0.2778
2025-11-17 18:03:33,2125,0.0000,0.0000,0.0000,0.0000,0.2778,0.2778
2025-11-17 18:03:44,2135,0.0000,0.0000,0.0000,0.0000,0.2778,0.2778
2025-11-17 18:03:59,2152,0.0000,0.0000,0.0000,0.0000,0.2778,0.2778
2025-11-17 18:04:09,2162,0.0000,0.0000,0.0000,0.0000,0.2778,0.2778
2025-11-17 18:04:21,2172,0.0000,0.0000,0.0000,0.0000,0.2778,0.2778
2025-11-17 18:04:30,2183,0.0000,0.0000,0.0000,0.0000,0.2778,0.2778
2025-11-17 18:04:41,2193,0.0000,0.0000,0.0693,0.0000,0.2778,0.3471
2025-11-17 18:04:51,2204,0.0000,0.0000,0.1455,0.0000,0.0000,0.1455
2025-11-17 18:05:02,2214,0.0000,0.0000,0.1411,0.0000,0.2778,0.4188
2025-11-17 18:05:12,2224,0.0000,0.0000,0.1427,0.0000,0.2778,0.4204
2025-11-17 18:05:22,2235,0.0000,0.0000,0.1472,0.0000,0.2778,0.4250
2025-11-17 18:05:33,2245,0.0000,0.0000,0.1439,0.0000,0.0000,0.1439
2025-11-17 18:05:43,2256,0.0000,0.0000,0.1464,0.0000,0.0000,0.1464
2025-11-17 18:05:55,2266,0.0000,0.0000,0.1447,0.0000,0.2778,0.4225
2025-11-17 18:06:03,2276,0.0000,0.0000,0.1391,0.0000,0.2778,0.4168
2025-11-17 18:06:13,2286,0.0000,0.0000,0.1392,0.0000,0.2778,0.4170
2025-11-17 18:06:24,2297,0.0000,0.0000,0.1453,0.0000,0.2778,0.4231
2025-11-17 18:06:34,2307,0.0000,0.0000,0.1421,0.0000,0.2778,0.4198
2025-11-17 18:06:44,2317,0.0000,0.0000,0.1393,0.0000,0.2778,0.4171
2025-11-17 18:06:55,2328,0.0000,0.0000,0.1466,0.0000,0.2778,0.4244
2025-11-17 18:07:05,2338,0.0000,0.0000,0.1405,0.0000,0.2778,0.4182
2025-11-17 18:07:15,2348,0.0000,0.0000,0.1465,0.0000,0.2778,0.4243
2025-11-17 18:07:26,2358,0.0000,0.0000,0.1409,0.0000,0.2778,0.4187
2025-11-17 18:07:36,2369,0.0000,0.0000,0.1409,0.0000,0.0000,0.1409
2025-11-17 18:07:46,2379,0.0000,0.0000,0.1466,0.0000,0.2778,0.4244
2025-11-17 18:07:57,2389,0.0000,0.0000,0.1452,0.0000,0.0000,0.1452
2025-11-17 18:08:07,2400,0.0000,0.0000,0.1449,0.0000,0.2778,0.4227
2025-11-17 18:08:18,2410,0.0000,0.0000,0.1448,0.0000,0.2778,0.4226
2025-11-17 18:08:29,2421,0.0000,0.0000,0.1409,0.0000,0.0000,0.1409
2025-11-17 18:08:38,2431,0.0000,0.0000,0.1391,0.0000,0.2778,0.4169
2025-11-17 18:08:48,2441,0.0000,0.0000,0.1395,0.0000,0.2778,0.4173
2025-11-17 18:08:58,2451,0.0000,0.0000,0.1439,0.0000,0.2778,0.4217
2025-11-17 18:09:10,2461,0.0000,0.0000,0.1466,0.0000,0.2778,0.4244
2025-11-17 18:09:19,2472,0.0000,0.0000,0.1464,0.0000,0.2778,0.4241
2025-11-17 18:09:30,2482,0.0000,0.0000,0.1439,0.0000,0.0000,0.1439
2025-11-17 18:09:39,2492,0.0000,0.0000,0.1391,0.0000,0.2778,0.4169
2025-11-17 18:09:51,2503,0.0000,0.0000,0.1449,0.0000,0.2778,0.4226
2025-11-17 18:10:00,2513,0.0000,0.0000,0.1454,0.0000,0.2778,0.4232
2025-11-17 18:10:11,2524,0.0000,0.0000,0.1458,0.0000,0.2778,0.4235
2025-11-17 18:10:21,2534,0.0000,0.0000,0.1457,0.0000,0.2778,0.4235
2025-11-17 18:10:32,2545,0.0000,0.0000,0.1454,0.0000,0.2778,0.4232
2025-11-17 18:10:42,2555,0.0000,0.0000,0.1429,0.0000,0.0000,0.1429
2025-11-17 18:10:53,2565,0.0000,0.0000,0.1422,0.0000,0.2778,0.4200
2025-11-17 18:11:03,2576,0.0000,0.0000,0.1465,0.0000,0.0000,0.1465
2025-11-17 18:11:13,2586,0.0000,0.0000,0.1426,0.0000,0.2778,0.4203
2025-11-17 18:11:24,2597,0.0000,0.0000,0.1448,0.0000,0.2778,0.4226
2025-11-17 18:11:34,2607,0.0000,0.0000,0.1440,0.0000,0.2778,0.4218
2025-11-17 18:11:45,2617,0.0000,0.0000,0.1465,0.0000,0.2778,0.4243
2025-11-17 18:11:55,2628,0.0000,0.0000,0.1461,0.0000,0.2778,0.4239
2025-11-17 18:12:05,2638,0.0000,0.0000,0.1410,0.0000,0.2778,0.4188
2025-11-17 18:12:17,2649,0.0000,0.0000,0.1464,0.0000,0.0000,0.1464
2025-11-17 18:12:26,2659,0.0000,0.0000,0.1437,0.0000,0.2778,0.4215
2025-11-17 18:12:36,2669,0.0000,0.0000,0.1422,0.0000,0.2778,0.4200
2025-11-17 18:12:47,2679,0.0000,0.0000,0.1412,0.0000,0.2778,0.4190
2025-11-17 18:12:57,2690,0.0000,0.0000,0.1445,0.0000,0.0000,0.1445
2025-11-17 18:13:08,2700,0.0000,0.0000,0.1453,0.0000,0.2778,0.4231
2025-11-17 18:13:19,2711,0.0000,0.0000,0.1420,0.0000,0.2778,0.4198
2025-11-17 18:13:28,2721,0.0000,0.0000,0.1469,0.0000,0.0000,0.1469
2025-11-17 18:13:39,2731,0.0000,0.0000,0.1443,0.0000,0.0000,0.1443
2025-11-17 18:13:49,2742,0.0000,0.0000,0.1457,0.0000,0.2778,0.4235
2025-11-17 18:13:59,2752,0.0000,0.0000,0.1422,0.0000,0.2778,0.4199
2025-11-17 18:14:09,2762,0.0000,0.0000,0.1391,0.0000,0.2778,0.4168
2025-11-17 18:14:19,2772,0.0000,0.0000,0.1393,0.0000,0.2778,0.4171
2025-11-17 18:14:30,2783,0.0000,0.0000,0.1467,0.0000,0.2778,0.4245
2025-11-17 18:14:40,2793,1.6684,0.0000,0.1119,0.0000,0.2778,2.0581
2025-11-17 18:14:51,2804,0.0000,0.0000,0.0769,0.0000,0.2778,0.3547
2025-11-17 18:15:02,2814,0.0000,0.0000,0.1288,0.0000,0.2778,0.4066
2025-11-17 18:15:12,2825,0.0000,0.0000,0.1262,0.0000,0.0000,0.1262
2025-11-17 18:15:22,2835,0.0000,0.0000,0.1405,0.0000,0.0000,0.1405
2025-11-17 18:15:33,2845,0.0000,0.0000,0.1307,0.0000,0.0000,0.1307
2025-11-17 18:15:42,2855,0.0000,0.0000,0.1451,0.0000,0.2778,0.4228
2025-11-17 18:15:53,2865,0.0000,0.0000,0.1391,0.0000,0.0000,0.1391
2025-11-17 18:16:03,2875,0.0000,0.0000,0.1142,0.0000,0.2778,0.3920
2025-11-17 18:16:13,2886,0.0000,0.0000,0.1406,0.0000,0.2778,0.4183
2025-11-17 18:16:23,2896,0.0000,0.0000,0.1394,0.0000,0.2778,0.4171
2025-11-17 18:16:34,2906,0.0000,0.0000,0.1298,0.0000,0.2778,0.4076
2025-11-17 18:16:44,2916,0.0000,0.0000,0.1391,0.0000,0.0000,0.1391
2025-11-17 18:16:54,2927,0.0000,0.0000,0.0682,0.0000,0.0000,0.0682
2025-11-17 18:17:04,2937,0.0000,0.0000,0.0166,0.0000,0.2778,0.2943
2025-11-17 18:17:14,2947,0.0000,0.0000,0.1252,0.0000,0.2778,0.4030
2025-11-17 18:17:25,2957,0.0000,0.0000,0.0432,0.0000,0.2778,0.3210
2025-11-17 18:17:35,2968,0.0000,0.0000,0.0515,0.0000,0.0000,0.0515
2025-11-17 18:17:46,2978,0.0000,0.0000,0.0688,0.0000,0.0000,0.0688
2025-11-17 18:18:03,2995,0.0000,0.0000,0.0000,0.0000,0.2778,0.2778
2025-11-17 18:18:13,3006,0.0000,0.0000,0.0000,0.0000,0.2778,0.2778
2025-11-17 18:18:41,3033,0.0000,0.0000,0.0000,0.0000,0.2778,0.2778
2025-11-17 18:18:51,3044,0.0000,0.0000,0.0000,0.0000,0.2778,0.2778
2025-11-17 18:19:06,3059,0.0000,0.0000,0.0000,0.0000,0.2778,0.2778
2025-11-17 18:19:29,3082,0.0000,0.0000,0.0000,0.0000,0.2778,0.2778
2025-11-17 18:19:39,3092,0.0000,0.0000,0.0000,0.0000,0.2778,0.2778
2025-11-17 18:19:49,3102,0.0000,0.0000,0.0000,0.0000,0.2778,0.2778
2025-11-17 18:20:00,3113,0.0000,0.0000,0.0000,0.0000,0.2778,0.2778
2025-11-17 18:20:10,3123,0.0000,0.0000,0.0000,0.0000,0.2778,0.2778
2025-11-17 18:20:49,3162,0.0000,0.0000,0.0000,0.0000,0.2778,0.2778
2025-11-17 18:20:59,3172,0.0000,0.0000,0.0686,0.0000,0.2778,0.3464
2025-11-17 18:21:09,3182,0.0000,0.0000,0.1056,0.0000,0.0000,0.1056
2025-11-17 18:21:36,3209,0.0000,0.0000,0.0000,0.0000,0.2778,0.2778
2025-11-17 18:21:47,3219,0.0000,0.0000,0.0000,0.0000,0.2778,0.2778
2025-11-17 18:21:57,3229,0.0000,0.0000,0.0000,0.0000,0.2778,0.2778
2025-11-17 18:22:07,3240,0.0000,0.0000,0.0000,0.0000,0.2778,0.2778
2025-11-17 18:22:18,3251,0.0000,0.0000,0.0248,0.0000,0.2778,0.3026
2025-11-17 18:22:28,3261,0.0000,0.0000,0.0428,0.0000,0.0000,0.0428
2025-11-17 18:22:38,3271,0.0000,0.0000,0.0000,0.0000,0.2778,0.2778
2025-11-17 18:22:48,3281,0.0000,0.0000,0.0521,0.0000,0.2778,0.3298
2025-11-17 18:22:59,3292,0.0000,0.0000,0.0509,0.0000,0.2778,0.3286
2025-11-17 18:23:09,3302,0.0000,0.0000,0.0261,0.0000,0.2778,0.3038
2025-11-17 18:23:20,3313,0.0000,0.0000,0.0699,0.0000,0.0000,0.0699
2025-11-17 18:23:30,3323,0.0000,0.0000,0.0862,0.0000,0.2778,0.3639
2025-11-17 18:23:41,3334,0.0000,0.0000,0.0000,0.0000,0.2778,0.2778
2025-11-17 18:24:03,3356,0.0000,0.0000,0.0000,0.0000,0.2778,0.2778
2025-11-17 18:24:14,3366,0.0000,0.0000,0.0172,0.0000,0.2778,0.2949
2025-11-17 18:24:24,3377,0.0000,0.0000,0.0432,0.0000,0.2778,0.3210
2025-11-17 18:24:34,3387,0.0000,0.0000,0.0089,0.0000,0.0000,0.0089
2025-11-17 18:24:44,3397,0.0000,0.0000,0.0260,0.0000,0.2778,0.3038
2025-11-17 18:24:55,3408,0.0000,0.0000,0.1208,0.0000,0.0000,0.1208
2025-11-17 18:25:05,3418,0.0000,0.0000,0.0343,0.0000,0.2778,0.3121
2025-11-17 18:25:16,3428,0.0000,0.0000,0.0678,0.0000,0.2778,0.3455
2025-11-17 18:25:26,3438,0.0000,0.0000,0.0000,0.0000,0.2778,0.2778
2025-11-17 18:25:36,3449,0.0000,0.0000,0.0000,0.0000,0.2778,0.2778
2025-11-17 18:25:51,3464,0.0000,0.0000,0.0000,0.0000,0.2778,0.2778
2025-11-17 18:26:09,3481,0.0000,0.0000,0.0000,0.0000,0.2778,0.2778
2025-11-17 18:26:18,3491,0.0000,0.0000,0.0000,0.0000,0.2778,0.2778
2025-11-17 18:26:29,3501,0.0000,0.0000,0.0000,0.0000,0.2778,0.2778
2025-11-17 18:27:00,3533,0.0000,0.0000,0.0000,0.0000,0.2778,0.2778
2025-11-17 18:27:11,3543,0.0000,0.0000,0.0000,0.0000,0.2778,0.2778
2025-11-17 18:27:38,3570,0.0000,0.0000,0.0000,0.0000,0.2778,0.2778
2025-11-17 18:27:59,3592,0.0000,0.0000,0.0000,0.0000,0.2778,0.2778
2025-11-17 18:28:09,3602,0.0000,0.0000,0.0000,0.0000,0.2778,0.2778
2025-11-17 18:28:19,3612,0.0000,0.0000,0.0000,0.0000,0.2778,0.2778
2025-11-17 18:28:34,3627,0.0000,0.0000,0.0000,0.0000,0.2778,0.2778
2025-11-17 18:28:45,3638,0.0000,0.0000,0.1460,0.0000,0.0000,0.1460
2025-11-17 18:28:56,3648,0.0000,0.0000,0.1456,0.0000,0.0000,0.1456
2025-11-17 18:29:06,3659,0.0000,0.0000,0.1453,0.0000,0.0000,0.1453
2025-11-17 18:29:23,3669,0.0000,0.0000,0.1463,0.0000,0.0000,0.1463
2025-11-17 18:29:27,3679,0.0000,0.0000,0.2856,0.0000,0.0000,0.2856
2025-11-17 18:29:36,3689,0.0000,0.0000,0.1414,0.0000,0.0000,0.1414
2025-11-17 18:29:47,3699,0.0000,0.0000,0.1400,0.0000,0.0000,0.1400
2025-11-17 18:29:57,3710,0.0000,0.0000,0.1408,0.0000,0.0000,0.1408
2025-11-17 18:30:07,3720,0.0000,0.0000,0.1462,0.0000,0.0000,0.1462
2025-11-17 18:30:17,3730,0.0000,0.0000,0.1410,0.0000,0.0000,0.1410
2025-11-17 18:30:28,3740,0.0000,0.0000,0.1418,0.0000,0.0000,0.1418
2025-11-17 18:30:38,3751,0.0000,0.0000,0.1408,0.0000,0.0000,0.1408
2025-11-17 18:30:48,3761,0.0000,0.0000,0.1422,0.0000,0.0000,0.1422
2025-11-17 18:30:58,3771,0.0000,0.0000,0.1393,0.0000,0.0000,0.1393
2025-11-17 18:31:09,3781,0.0000,0.0000,0.1468,0.0000,0.0000,0.1468
2025-11-17 18:31:19,3792,0.0000,0.0000,0.1465,0.0000,0.0000,0.1465
2025-11-17 18:31:29,3802,0.0000,0.0000,0.1396,0.0000,0.0000,0.1396
2025-11-17 18:31:40,3812,0.0000,0.0000,0.1437,0.0000,0.0000,0.1437
2025-11-17 18:31:50,3823,0.0000,0.0000,0.1469,0.0000,0.0000,0.1469
2025-11-17 18:32:01,3833,0.0000,0.0000,0.1451,0.0000,0.0000,0.1451
2025-11-17 18:32:11,3844,0.0000,0.0000,0.1419,0.0000,0.0000,0.1419
2025-11-17 18:32:21,3854,0.0000,0.0000,0.1422,0.0000,0.0000,0.1422
2025-11-17 18:32:31,3864,0.0000,0.0000,0.1455,0.0000,0.0000,0.1455
2025-11-17 18:32:42,3874,0.0000,0.0000,0.1392,0.0000,0.0000,0.1392
2025-11-17 18:32:52,3885,0.0000,0.0000,0.1419,0.0000,0.0000,0.1419
2025-11-17 18:33:02,3895,0.0000,0.0000,0.1452,0.0000,0.0000,0.1452
2025-11-17 18:33:13,3905,0.0000,0.0000,0.1388,0.0000,0.0000,0.1388
2025-11-17 18:33:22,3915,0.0000,0.0000,0.1421,0.0000,0.0000,0.1421
2025-11-17 18:33:33,3926,0.0000,0.0000,0.1442,0.0000,0.0000,0.1442
2025-11-17 18:33:43,3936,0.0000,0.0000,0.1456,0.0000,0.0000,0.1456
2025-11-17 18:33:54,3946,0.0000,0.0000,0.1429,0.0000,0.0000,0.1429
2025-11-17 18:34:04,3957,0.0000,0.0000,0.1413,0.0000,0.0000,0.1413
2025-11-17 18:34:14,3967,0.0000,0.0000,0.1464,0.0000,0.0000,0.1464
2025-11-17 18:34:25,3977,0.0000,0.0000,0.1406,0.0000,0.0000,0.1406
2025-11-17 18:34:35,3987,0.0000,0.0000,0.1399,0.0000,0.0000,0.1399
2025-11-17 18:34:44,3997,0.0000,0.0000,0.1394,0.0000,0.0000,0.1394
2025-11-17 18:34:55,4008,0.0000,0.0000,0.1467,0.0000,0.0000,0.1467
2025-11-17 18:35:05,4018,0.0000,0.0000,0.1403,0.0000,0.0000,0.1403
2025-11-17 18:35:15,4028,0.0000,0.0000,0.1388,0.0000,0.0000,0.1388
2025-11-17 18:35:26,4038,0.0000,0.0000,0.1440,0.0000,0.0000,0.1440
2025-11-17 18:35:36,4048,0.0000,0.0000,0.1390,0.0000,0.0000,0.1390
2025-11-17 18:35:47,4059,0.0000,0.0000,0.1465,0.0000,0.0000,0.1465
2025-11-17 18:35:57,4069,0.0000,0.0000,0.1392,0.0000,0.0000,0.1392
2025-11-17 18:36:06,4079,0.0000,0.0000,0.1437,0.0000,0.0000,0.1437
2025-11-17 18:36:17,4089,0.0000,0.0000,0.1399,0.0000,0.0000,0.1399
2025-11-17 18:36:28,4099,0.0000,0.0000,0.1407,0.0000,0.0000,0.1407
2025-11-17 18:36:37,4110,0.0000,0.0000,0.1436,0.0000,0.0000,0.1436
2025-11-17 18:36:47,4120,0.0000,0.0000,0.1461,0.0000,0.0000,0.1461
2025-11-17 18:36:58,4130,0.0000,0.0000,0.1396,0.0000,0.0000,0.1396
2025-11-17 18:37:09,4141,0.0000,0.0000,0.1466,0.0000,0.0000,0.1466
2025-11-17 18:37:18,4151,0.0000,0.0000,0.1422,0.0000,0.0000,0.1422
2025-11-17 18:37:29,4161,0.0000,0.0000,0.1422,0.0000,0.0000,0.1422
2025-11-17 18:37:39,4172,0.0000,0.0000,0.1467,0.0000,0.0000,0.1467
2025-11-17 18:37:49,4182,0.0000,0.0000,0.1464,0.0000,0.0000,0.1464
2025-11-17 18:38:00,4193,0.0000,0.0000,0.1423,0.0000,0.0000,0.1423
2025-11-17 18:38:11,4203,0.0000,0.0000,0.1467,0.0000,0.0000,0.1467
2025-11-17 18:38:21,4213,0.0000,0.0000,0.1405,0.0000,0.0000,0.1405
2025-11-17 18:38:31,4224,0.0000,0.0000,0.1407,0.0000,0.0000,0.1407
2025-11-17 18:38:42,4234,1.6964,168.9531,0.1294,0.0000,0.2778,171.0567
2025-11-17 18:38:52,4245,0.0000,0.0000,0.0000,0.0000,0.2778,0.2778
2025-11-17 18:39:02,4255,0.0000,0.0000,0.0000,0.0000,0.2778,0.2778
2025-11-17 18:39:12,4265,0.0000,0.0000,0.0000,0.0000,0.2778,0.2778
2025-11-17 18:39:28,4281,0.0000,0.0000,0.0000,0.0000,0.2778,0.2778
2025-11-17 18:39:38,4291,0.0000,0.0000,0.0000,0.0000,0.2778,0.2778
2025-11-17 18:39:48,4301,0.0000,0.0000,0.0000,0.0000,0.2778,0.2778
2025-11-17 18:39:59,4312,0.0000,0.0000,0.0000,0.0000,0.2778,0.2778
2025-11-17 18:40:10,4323,0.0000,0.0000,0.0000,0.0000,0.2778,0.2778
2025-11-17 18:40:24,4337,0.0000,0.0000,0.0000,0.0000,0.2778,0.2778
2025-11-17 18:40:35,4347,0.0000,0.0000,0.0000,0.0000,0.2778,0.2778
2025-11-17 18:40:50,4363,0.0000,0.0000,0.0000,0.0000,0.2778,0.2778
2025-11-17 18:41:00,4373,0.0000,0.0000,0.0000,0.0000,0.2778,0.2778
2025-11-17 18:41:11,4383,0.0000,0.0000,0.0000,0.0000,0.2778,0.2778
2025-11-17 18:41:21,4394,0.0000,0.0000,0.0000,0.0000,0.2778,0.2778
2025-11-17 18:41:32,4404,0.0000,0.0000,0.0000,0.0000,0.2778,0.2778
2025-11-17 18:41:42,4414,0.0000,0.0000,0.0000,0.0000,0.2778,0.2778
2025-11-17 18:41:52,4425,0.0000,0.0000,0.0000,0.0000,0.2778,0.2778
2025-11-17 18:42:03,4435,0.0000,0.0000,0.0000,0.0000,0.2778,0.2778
2025-11-17 18:42:18,4451,0.0000,0.0000,0.0000,0.0000,0.2778,0.2778
2025-11-17 18:42:28,4461,0.0000,0.0000,0.0000,0.0000,0.2778,0.2778
2025-11-17 18:42:39,4471,0.0000,0.0000,0.0000,0.0000,0.2778,0.2778
2025-11-17 18:43:11,4503,0.0000,0.0000,0.0000,0.0000,0.2778,0.2778
2025-11-17 18:43:21,4514,0.0000,0.0000,0.0000,0.0000,0.2778,0.2778
2025-11-17 18:43:31,4524,0.0000,0.0000,0.0000,0.0000,0.2778,0.2778
2025-11-17 18:44:16,4569,0.0000,0.0000,0.0000,0.0000,0.2778,0.2778
2025-11-17 18:44:34,4586,0.0000,0.0000,0.0000,0.0000,0.2778,0.2778
2025-11-17 18:44:44,4597,0.0000,0.0000,0.0000,0.0000,0.2778,0.2778
2025-11-17 18:44:54,4607,0.0000,0.0000,0.0000,0.0000,0.2778,0.2778
2025-11-17 18:45:05,4617,0.0000,0.0000,0.0000,0.0000,0.2778,0.2778
2025-11-17 18:45:15,4628,0.0000,0.0000,0.0000,0.0000,0.2778,0.2778
2025-11-17 18:45:26,4638,0.0000,0.0000,0.0000,0.0000,0.2778,0.2778
2025-11-17 18:45:38,4649,0.0000,0.0000,0.0000,0.0000,0.2778,0.2778
2025-11-17 18:45:47,4660,0.0000,0.0000,0.0000,0.0000,0.2778,0.2778
2025-11-17 18:45:57,4670,0.0000,0.0000,0.0000,0.0000,0.2778,0.2778
2025-11-17 18:46:07,4680,0.0000,0.0000,0.0000,0.0000,0.2778,0.2778
2025-11-17 18:46:21,4691,0.0000,0.0000,0.0000,0.0000,0.2778,0.2778
2025-11-17 18:46:32,4704,0.0000,0.0000,0.0000,0.0000,0.2778,0.2778
2025-11-17 18:47:05,4737,0.0000,0.0000,0.0000,0.0000,0.2778,0.2778
2025-11-17 18:47:16,4748,0.0000,0.0000,0.0000,0.0000,0.2778,0.2778
2025-11-17 18:47:26,4758,0.0086,0.0000,0.0000,0.0000,0.0000,0.0086
2025-11-17 18:47:38,4768,0.0034,0.0000,0.0000,0.0000,0.0000,0.0034
2025-11-17 18:47:46,4779,0.0018,0.0000,0.0000,0.0000,0.2778,0.2795
2025-11-17 18:47:56,4789,0.0000,0.0000,0.0000,0.0000,0.2778,0.2778
2025-11-17 18:48:10,4802,0.0034,0.0000,0.0000,0.0000,0.0000,0.0034
2025-11-17 18:48:30,4823,0.0000,0.0000,0.0000,0.0000,0.2778,0.2778
2025-11-17 18:48:41,4834,0.0000,0.0000,0.0000,0.0000,0.2778,0.2778
2025-11-17 18:48:51,4844,0.0000,0.0000,0.0000,0.0000,0.2778,0.2778
2025-11-17 18:49:01,4854,0.0000,0.0000,0.0000,0.0000,0.2778,0.2778
2025-11-17 18:49:12,4864,0.0018,0.0000,0.0000,0.0000,0.2778,0.2796
2025-11-17 18:49:21,4874,0.0000,0.0000,0.0000,40.4932,0.2778,40.7710
2025-11-17 18:50:20,4933,0.0000,0.0000,0.0000,0.0000,0.2778,0.2778
2025-11-17 18:50:31,4944,0.0000,0.0000,0.0000,0.0000,0.2778,0.2778
2025-11-17 18:50:53,4965,0.0000,0.0000,0.0000,0.0000,0.2778,0.2778
2025-11-17 18:51:02,4975,0.0000,0.0000,0.0000,0.0000,0.2778,0.2778
2025-11-17 18:51:13,4985,0.0000,0.0000,0.0000,0.0000,0.2778,0.2778
2025-11-17 18:51:23,4996,0.0000,0.0000,0.0000,0.0000,0.2778,0.2778
2025-11-17 18:51:33,5006,0.0000,0.0000,0.0000,0.0000,0.2778,0.2778
2025-11-17 18:51:43,5016,0.0000,0.0000,0.0000,0.0000,0.2778,0.2778
2025-11-17 18:51:54,5026,0.0000,0.0000,0.0000,0.0000,0.2778,0.2778
2025-11-17 18:52:11,5044,0.0034,0.0000,0.0000,0.0000,0.0000,0.0034
2025-11-17 18:52:49,5081,0.0000,0.0000,0.0000,0.0000,0.2778,0.2778
2025-11-17 18:52:59,5091,0.0000,0.0000,0.0000,0.0000,0.2778,0.2778
2025-11-17 18:53:09,5102,0.0000,0.0000,0.0000,0.0000,0.2778,0.2778
2025-11-17 18:53:19,5112,0.0000,0.0000,0.0000,0.0000,0.2778,0.2778
2025-11-17 18:53:30,5122,0.0017,0.0000,0.0000,0.0000,0.0000,0.0017
2025-11-17 18:53:41,5133,0.0000,0.0000,0.0000,0.0000,0.2778,0.2778
2025-11-17 18:53:51,5143,0.0000,0.0000,0.0000,0.0000,0.2778,0.2778
2025-11-17 18:54:01,5154,0.0000,0.0000,0.0000,0.0000,0.2778,0.2778
2025-11-17 18:54:12,5164,0.0000,0.0000,0.0000,0.0000,0.2778,0.2778
2025-11-17 18:54:38,5191,0.0000,0.0000,0.0000,0.0000,0.2778,0.2778
2025-11-17 18:54:48,5201,0.0000,0.0000,0.0000,0.0000,0.2778,0.2778
2025-11-17 18:54:58,5211,0.0000,0.0000,0.0000,0.0000,0.2778,0.2778
2025-11-17 18:55:09,5222,0.0000,0.0000,0.0000,0.0000,0.2778,0.2778
2025-11-17 18:55:31,5243,0.0000,0.0000,0.0000,0.0000,0.2778,0.2778
2025-11-17 18:56:37,5310,0.0000,0.0000,0.0000,0.0000,0.2778,0.2778
2025-11-17 18:56:53,5326,0.0000,0.0000,0.0000,0.0000,0.2778,0.2778
2025-11-17 18:57:03,5336,0.0000,0.0000,0.0689,0.0000,0.0000,0.0689
2025-11-17 18:57:14,5346,0.0000,0.0000,0.1446,0.0000,0.2778,0.4224
2025-11-17 18:57:24,5357,0.0000,0.0000,0.1445,0.0000,0.2778,0.4223
2025-11-17 18:57:35,5367,0.0000,0.0000,0.1466,0.0000,0.2778,0.4244
2025-11-17 18:57:45,5378,0.0000,0.0000,0.1423,0.0000,0.2778,0.4200
2025-11-17 18:57:55,5388,0.0000,0.0000,0.1428,0.0000,0.2778,0.4206
2025-11-17 18:58:05,5398,0.0000,0.0000,0.1416,0.0000,0.2778,0.4193
2025-11-17 18:58:19,5409,0.0000,0.0000,0.1464,0.0000,0.2778,0.4242
2025-11-17 18:58:26,5419,0.0000,0.0000,0.1417,0.0000,0.0000,0.1417
2025-11-17 18:58:37,5429,0.0000,0.0000,0.1460,0.0000,0.2778,0.4237
2025-11-17 18:58:47,5439,0.0000,0.0000,0.1390,0.0000,0.2778,0.4167
2025-11-17 18:58:57,5449,0.0000,0.0000,0.1398,0.0000,0.2778,0.4176
2025-11-17 18:59:08,5460,0.0000,0.0000,0.1455,0.0000,0.2778,0.4233
2025-11-17 18:59:17,5470,0.0000,0.0000,0.1407,0.0000,0.2778,0.4184
2025-11-17 18:59:28,5480,0.0017,0.0000,0.1424,0.0000,0.0000,0.1440
2025-11-17 18:59:39,5490,0.0000,0.0000,0.1385,0.0000,0.2778,0.4162
2025-11-17 18:59:48,5501,0.0000,0.0000,0.1461,0.0000,0.2778,0.4238
2025-11-17 18:59:58,5511,0.0138,0.0000,0.1462,5.3350,0.2778,5.7728
2025-11-17 19:00:10,5521,0.0000,0.0000,0.1394,0.0000,0.0000,0.1394
2025-11-17 19:00:19,5532,0.0000,0.0000,0.1456,0.0000,0.2778,0.4233
2025-11-17 19:00:30,5542,0.0000,0.0000,0.1473,0.0000,0.2778,0.4251
2025-11-17 19:00:40,5552,0.0000,0.0000,0.1392,0.0000,0.0000,0.1392
2025-11-17 19:00:50,5563,0.0000,0.0000,0.1397,0.0000,0.0000,0.1397
2025-11-17 19:01:00,5573,0.0000,0.0000,0.1463,0.0000,0.2778,0.4241
2025-11-17 19:01:11,5584,0.0000,0.0000,0.1476,0.0000,0.2778,0.4254
2025-11-17 19:01:21,5594,0.0000,0.0000,0.1441,0.0000,0.2778,0.4219
2025-11-17 19:01:31,5604,0.0000,0.0000,0.1406,0.0000,0.2778,0.4184
2025-11-17 19:01:42,5615,0.0000,0.0000,0.1453,0.0000,0.2778,0.4231
2025-11-17 19:01:52,5625,0.0000,0.0000,0.1405,0.0000,0.2778,0.4183
2025-11-17 19:02:02,5635,0.0000,0.0000,0.1396,0.0000,0.2778,0.4173
2025-11-17 19:02:12,5645,0.0000,0.0000,0.1420,0.0000,0.0000,0.1420
2025-11-17 19:02:22,5655,0.0000,0.0000,0.1424,0.0000,0.2778,0.4202
2025-11-17 19:02:33,5666,0.0000,0.0000,0.1447,0.0000,0.2778,0.4225
2025-11-17 19:02:43,5676,0.0000,0.0000,0.1400,0.0000,0.0000,0.1400
2025-11-17 19:02:54,5686,0.0000,0.0000,0.1435,0.0000,0.0000,0.1435
2025-11-17 19:03:04,5696,0.0000,0.0000,0.1419,0.0000,0.2778,0.4197
2025-11-17 19:03:14,5707,0.0000,0.0000,0.1439,0.0000,0.2778,0.4217
2025-11-17 19:03:24,5717,0.0000,0.0000,0.1440,0.0000,0.0000,0.1440
2025-11-17 19:03:35,5727,0.0000,0.0000,0.1443,0.0000,0.2778,0.4221
2025-11-17 19:03:45,5738,0.0000,0.0000,0.1453,0.0000,0.0000,0.1453
2025-11-17 19:03:55,5748,0.0000,0.0000,0.1388,0.0000,0.0000,0.1388
2025-11-17 19:04:06,5758,0.0000,0.0000,0.1432,0.0000,0.2778,0.4210
2025-11-17 19:04:16,5768,0.0000,0.0000,0.1415,0.0000,0.2778,0.4193
2025-11-17 19:04:26,5779,0.0000,0.0000,0.1441,0.0000,0.0000,0.1441
2025-11-17 19:04:36,5789,0.0000,0.0000,0.1392,0.0000,0.2778,0.4169
2025-11-17 19:04:46,5799,0.0000,0.0000,0.1416,0.0000,0.2778,0.4193
2025-11-17 19:04:56,5809,0.0000,0.0000,0.1429,0.0000,0.2778,0.4207
2025-11-17 19:05:07,5819,0.0000,0.0000,0.1404,0.0000,0.2778,0.4182
2025-11-17 19:05:18,5830,0.0000,0.0000,0.1444,0.0000,0.0000,0.1444
2025-11-17 19:05:27,5840,0.0000,0.0000,0.1450,0.0000,0.0000,0.1450
2025-11-17 19:05:38,5850,0.0000,0.0000,0.1425,0.0000,0.0000,0.1425
2025-11-17 19:05:48,5861,0.0000,0.0000,0.1441,0.0000,0.0000,0.1441
2025-11-17 19:05:58,5871,0.0000,0.0000,0.1454,0.0000,0.2778,0.4232
2025-11-17 19:06:09,5882,0.0000,0.0000,0.1429,0.0000,0.2778,0.4207
2025-11-17 19:06:20,5892,0.0000,0.0000,0.1458,0.0000,0.0000,0.1458
2025-11-17 19:06:30,5903,0.0000,0.0000,0.1438,0.0000,0.0000,0.1438
2025-11-17 19:06:41,5913,0.0000,0.0000,0.1449,3.2529,0.2778,3.6756
2025-11-17 19:06:50,5923,0.0000,0.0000,0.1414,0.0000,0.2778,0.4192
2025-11-17 19:07:01,5934,0.0000,0.0000,0.1124,0.0000,0.2778,0.3902
2025-11-17 19:07:11,5944,0.0000,0.0000,0.0000,0.0000,0.2778,0.2778
2025-11-17 19:07:27,5960,0.0000,0.0000,0.0000,0.0000,0.2778,0.2778
2025-11-17 19:07:44,5976,0.0000,0.0000,0.0000,0.0000,0.2778,0.2778
2025-11-17 19:07:55,5987,0.0000,0.0000,0.0000,0.0000,0.2778,0.2778
2025-11-17 19:08:04,5997,0.0000,0.0000,0.0000,0.0000,0.2778,0.2778
2025-11-17 19:08:15,6007,0.0000,0.0000,0.0000,0.0000,0.2778,0.2778
2025-11-17 19:08:26,6018,0.0000,0.0000,0.0000,0.0000,0.2778,0.2778
2025-11-17 19:08:35,6028,0.0000,0.0000,0.0000,0.0000,0.2778,0.2778
2025-11-17 19:08:45,6038,0.0000,0.0000,0.0000,0.0000,0.2778,0.2778
2025-11-17 19:08:56,6049,0.0000,0.0000,0.0000,0.0000,0.2778,0.2778
2025-11-17 19:09:06,6059,0.0000,0.0000,0.0000,0.0000,0.2778,0.2778
2025-11-17 19:09:17,6070,0.0000,0.0000,0.0000,0.0000,0.2778,0.2778
2025-11-17 19:09:27,6080,0.0000,0.1764,0.0000,0.0000,0.2778,0.4542
2025-11-17 19:09:47,6100,0.0000,0.0000,0.0000,0.0000,0.2778,0.2778
2025-11-17 19:09:58,6111,0.0000,0.0000,0.0000,0.0000,0.2778,0.2778
2025-11-17 19:10:08,6121,0.0000,0.0000,0.0000,0.0000,0.2778,0.2778
2025-11-17 19:10:18,6131,0.0000,0.0000,0.0000,0.0000,0.2778,0.2778
2025-11-17 19:10:35,6148,0.0000,0.0000,0.0000,0.0000,0.2778,0.2778
2025-11-17 19:10:45,6158,0.0000,0.1764,0.0000,0.0000,0.2778,0.4542
2025-11-17 19:11:06,6179,0.0000,0.0000,0.0000,0.0000,0.2778,0.2778
2025-11-17 19:11:16,6189,0.0000,0.0000,0.0000,0.0000,0.2778,0.2778
2025-11-17 19:11:26,6199,0.0000,0.1767,0.0000,0.0000,0.2778,0.4544
2025-11-17 19:11:37,6209,0.0000,0.0000,0.0000,0.0000,0.2778,0.2778
2025-11-17 19:11:46,6219,0.0000,0.0000,0.0000,0.0000,0.2778,0.2778
2025-11-17 19:11:57,6230,0.0000,0.0000,0.0000,0.0000,0.2778,0.2778
2025-11-17 19:12:07,6240,0.0000,0.0000,0.0000,2.7444,0.2778,3.0222
2025-11-17 19:12:18,6250,0.0000,0.1650,0.0000,0.0000,0.2778,0.4428
2025-11-17 19:12:28,6260,0.0000,0.1772,0.0000,0.0000,0.2778,0.4550
2025-11-17 19:12:38,6271,0.0000,0.1761,0.0000,0.0000,0.2778,0.4539
2025-11-17 19:12:48,6281,0.0000,0.0000,0.0000,0.0000,0.2778,0.2778
2025-11-17 19:12:59,6291,0.0000,0.1653,0.0000,0.0000,0.0000,0.1653
2025-11-17 19:13:09,6301,0.0000,0.1769,0.0000,0.0000,0.2778,0.4547
2025-11-17 19:13:19,6311,0.0000,0.0000,0.0000,0.0000,0.2778,0.2778
2025-11-17 19:13:30,6322,0.0000,0.0000,0.0000,0.0000,0.2778,0.2778
2025-11-17 19:13:40,6333,0.0000,0.1656,0.0000,0.0000,0.2778,0.4433
2025-11-17 19:13:50,6343,0.0000,0.1772,0.0000,0.0000,0.2778,0.4550
2025-11-17 19:14:01,6354,0.0000,0.1772,0.0000,0.0000,0.2778,0.4550
2025-11-17 19:14:11,6364,0.0000,0.0000,0.0000,0.0000,0.2778,0.2778
2025-11-17 19:14:21,6374,0.0000,0.1653,0.0000,0.0000,0.2778,0.4431
2025-11-17 19:14:32,6385,0.0000,0.0000,0.0000,0.0000,0.2778,0.2778
2025-11-17 19:14:43,6395,0.0000,0.1650,0.0000,0.0000,0.2778,0.4428
2025-11-17 19:14:53,6405,0.0000,0.0000,0.0000,0.0000,0.2778,0.2778
2025-11-17 19:15:03,6416,0.0000,0.3414,0.0000,0.0000,0.2778,0.6192
2025-11-17 19:15:13,6426,0.0000,0.1764,0.0000,0.0000,0.2778,0.4542
2025-11-17 19:15:23,6436,0.0000,0.0000,0.0000,0.0000,0.2778,0.2778
2025-11-17 19:15:34,6446,0.0000,1.1717,0.0000,0.0000,0.0000,1.1717
2025-11-17 19:15:44,6457,0.0000,0.1767,0.0000,0.0000,0.2778,0.4544
2025-11-17 19:15:54,6467,0.0000,0.1778,0.0000,0.0000,0.2778,0.4556
2025-11-17 19:16:04,6477,0.0000,0.1769,0.0000,0.0000,0.2778,0.4547
2025-11-17 19:16:15,6487,0.0000,0.1769,0.0000,0.0000,0.2778,0.4547
2025-11-17 19:16:25,6498,0.0000,0.1772,0.0000,0.0000,0.2778,0.4550
2025-11-17 19:16:36,6508,0.0000,0.3422,0.0000,0.0000,0.2778,0.6200
2025-11-17 19:16:46,6519,0.0000,0.1761,0.0000,0.0000,0.2778,0.4539
2025-11-17 19:16:56,6529,0.0000,0.3422,0.0000,0.0000,0.2778,0.6200
2025-11-17 19:17:06,6539,0.0000,0.1661,0.0000,0.0000,0.2778,0.4439
2025-11-17 19:17:16,6549,0.0000,0.3422,0.0000,0.0000,0.2778,0.6200
2025-11-17 19:17:27,6560,0.0000,0.1650,0.0000,0.0000,0.0000,0.1650
2025-11-17 19:17:40,6570,0.0000,0.0000,0.0000,0.0000,0.2778,0.2778
2025-11-17 19:17:48,6580,0.0000,0.1764,0.0000,0.0000,0.2778,0.4542
2025-11-17 19:17:59,6590,0.0000,0.1650,0.0000,0.0000,0.2778,0.4428
2025-11-17 19:18:08,6601,0.0000,0.3414,0.0000,0.0000,0.0000,0.3414
2025-11-17 19:18:18,6611,0.0000,0.1761,0.0000,0.0000,0.0000,0.1761
2025-11-17 19:18:30,6622,0.0000,0.1767,0.0000,0.0000,0.2778,0.4544
2025-11-17 19:18:39,6632,0.0000,0.1767,0.0000,0.0000,0.2778,0.4544
2025-11-17 19:18:50,6642,0.0000,0.1761,0.0000,0.0000,0.2778,0.4539
2025-11-17 19:19:01,6653,0.0000,0.1767,0.0000,0.0000,0.2778,0.4544
2025-11-17 19:19:11,6663,0.0000,0.5081,0.0000,0.0000,0.2778,0.7858
2025-11-17 19:19:21,6674,0.0000,0.1767,0.0000,0.0000,0.2778,0.4544
2025-11-17 19:19:31,6684,0.0000,0.6833,0.0000,0.0000,0.2778,0.9611
2025-11-17 19:19:42,6694,0.0000,0.1647,0.0000,0.0000,0.2778,0.4425
2025-11-17 19:19:54,6705,0.0000,0.1650,0.0000,0.0000,0.2778,0.4428
2025-11-17 19:20:02,6715,0.0000,0.1764,0.0000,0.0000,0.0000,0.1764
2025-11-17 19:20:12,6725,0.0000,0.1767,0.0000,0.0000,0.2778,0.4544
2025-11-17 19:20:34,12,0.0000,0.5225,0.0000,0.0000,0.0000,0.5225
2025-11-17 19:20:44,22,0.0153,0.3444,0.0000,0.0871,0.0000,0.4468
2025-11-17 19:20:55,33,0.0000,0.6914,0.0000,0.0000,0.2778,0.9692
2025-11-17 19:21:04,43,0.0000,0.1797,0.0000,0.0000,0.2778,0.4575
2025-11-17 19:21:15,53,0.0000,0.1653,0.0000,0.0000,0.2778,0.4431
2025-11-17 19:21:25,63,0.0000,0.6819,0.0000,0.0000,0.2778,0.9597
2025-11-17 19:21:35,74,0.0000,0.1650,0.0000,0.0000,0.2778,0.4428
2025-11-17 19:21:45,84,0.0000,0.6822,0.0000,0.0000,0.0000,0.6822
2025-11-17 19:21:56,94,0.0000,0.3414,0.0000,0.0000,0.2778,0.6192
2025-11-17 19:22:06,104,0.0000,0.1761,0.0000,0.0000,0.2778,0.4539
2025-11-17 19:22:17,115,0.0000,0.3414,0.0000,0.0000,0.2778,0.6192
2025-11-17 19:22:27,125,0.0000,0.1678,0.0000,0.0000,0.2778,0.4456
2025-11-17 19:22:37,135,0.0000,0.6819,0.0000,0.0000,0.2778,0.9597
2025-11-17 19:22:48,146,0.0000,0.1761,0.0000,0.0000,0.2778,0.4539
2025-11-17 19:22:58,156,0.0000,1.4392,0.0000,0.0000,0.2778,1.7169
2025-11-17 19:23:08,166,0.0000,0.3417,0.0000,0.0000,0.2778,0.6194
2025-11-17 19:23:19,177,0.0000,0.1761,0.0000,0.0000,0.2778,0.4539
2025-11-17 19:23:30,187,0.0000,0.1650,0.0000,0.0000,0.2778,0.4428
2025-11-17 19:23:39,197,0.0000,0.5175,0.0000,0.0000,0.2778,0.7953
2025-11-17 19:23:50,207,0.0000,0.6836,0.0000,0.0000,0.2778,0.9614
2025-11-17 19:23:59,218,0.0000,0.3422,0.0000,0.0000,0.2778,0.6200
2025-11-17 19:24:10,228,0.0000,0.3425,0.0000,0.0000,0.2778,0.6203
2025-11-17 19:24:20,238,0.0000,0.3411,0.0000,0.0000,0.2778,0.6189
2025-11-17 19:24:30,249,0.0000,0.3414,0.0000,0.0000,0.2778,0.6192
2025-11-17 19:24:41,259,0.0000,0.3411,0.0000,0.0000,0.2778,0.6189
2025-11-17 19:24:52,269,0.0000,0.8586,0.0000,0.0000,0.2778,1.1364
2025-11-17 19:25:01,279,0.0000,0.1772,0.0000,0.0000,0.2778,0.4550
2025-11-17 19:25:11,290,0.0000,0.3414,0.0000,0.0000,0.0000,0.3414
2025-11-17 19:25:22,300,0.0000,1.1889,0.0000,0.0000,0.2778,1.4667
2025-11-17 19:25:32,310,0.0000,2.5117,0.0000,0.0000,0.2778,2.7894
2025-11-17 19:25:44,321,0.0000,0.1764,0.0000,0.0000,0.0000,0.1764
2025-11-17 19:25:53,331,0.0000,0.6825,0.0000,0.0000,0.0000,0.6825
2025-11-17 19:26:03,342,0.0000,1.6758,0.0000,0.0000,0.2778,1.9536
2025-11-17 19:26:14,352,0.0000,0.1650,0.0000,0.0000,0.2778,0.4428
2025-11-17 19:26:24,363,0.0000,1.5181,0.0000,0.0000,0.0000,1.5181
2025-11-17 19:26:34,373,0.0000,3.0258,0.0000,0.0000,0.0000,3.0258
2025-11-17 19:26:45,383,0.0000,1.0236,0.0000,0.0000,0.2778,1.3014
2025-11-17 19:26:55,393,0.0000,0.3411,0.0000,0.0000,0.0000,0.3411
2025-11-17 19:27:06,404,0.0000,0.6828,0.0000,0.0000,0.2778,0.9606
2025-11-17 19:27:16,414,0.0000,0.8592,0.0000,0.0000,0.2778,1.1369
2025-11-17 19:27:26,425,0.0000,1.0231,0.0000,3.2672,0.0000,4.2903
2025-11-17 19:27:37,435,0.0000,0.8481,0.0000,0.0000,0.2778,1.1258
2025-11-17 19:27:47,445,0.0000,0.1650,0.0000,0.0000,0.2778,0.4428
2025-11-17 19:27:57,455,0.0000,0.3414,0.0000,0.0000,0.2778,0.6192
2025-11-17 19:28:07,466,0.0000,0.1772,0.0000,0.0000,0.2778,0.4550
2025-11-17 19:28:19,476,0.0000,0.1653,0.0000,0.0000,0.0000,0.1653
2025-11-17 19:28:29,487,0.0000,0.1653,0.0000,0.0000,0.0000,0.1653
2025-11-17 19:28:39,497,0.0000,0.1792,0.0000,0.0000,0.2778,0.4569
2025-11-17 19:28:49,507,0.0000,0.1656,0.0000,0.0000,0.2778,0.4433
2025-11-17 19:28:59,517,0.0000,2.2094,0.0000,0.0000,0.2778,2.4872
2025-11-17 19:29:11,529,0.0000,3.7469,0.0000,0.0000,0.0000,3.7469
2025-11-17 19:29:28,546,0.0000,3.7758,0.0000,0.0000,0.0000,3.7758
2025-11-17 19:29:38,556,0.0000,0.6892,0.0000,0.0000,0.0000,0.6892
2025-11-17 19:29:49,567,0.0000,0.0000,0.0000,0.0000,0.2778,0.2778
2025-11-17 19:29:59,578,0.0000,5.2144,0.0000,0.0000,0.2778,5.4922
2025-11-17 19:30:09,588,0.0000,0.0000,0.0000,0.0000,0.2778,0.2778
2025-11-17 19:30:20,598,0.0000,6.4889,0.0000,0.0000,0.2778,6.7667
2025-11-17 19:30:30,608,0.0000,0.0000,0.0000,0.0000,0.2778,0.2778
2025-11-17 19:30:40,618,0.0000,5.0272,0.0000,0.0000,0.2778,5.3050
2025-11-17 19:30:51,629,0.0000,0.6847,0.0000,0.0000,0.0000,0.6847
2025-11-17 19:31:01,639,0.0000,0.3422,0.0000,0.0000,0.2778,0.6200
2025-11-17 19:31:11,649,0.0000,1.8403,0.0000,0.0000,0.2778,2.1181
2025-11-17 19:31:22,660,0.0000,0.1775,0.0000,0.0000,0.0000,0.1775
2025-11-17 19:31:32,670,0.0000,1.6086,0.0000,0.0000,0.0000,1.6086
2025-11-17 19:31:42,680,0.0000,2.4525,0.0000,0.0000,0.2778,2.7303
2025-11-17 19:31:52,691,0.0000,0.5072,0.0000,0.0000,0.0000,0.5072
2025-11-17 19:32:02,701,0.0000,2.6072,0.0000,0.0000,0.2778,2.8850
2025-11-17 19:32:12,711,0.0000,2.2606,0.0000,0.0000,0.2778,2.5383
2025-11-17 19:32:24,721,0.0000,0.8614,0.0000,0.0000,0.2778,1.1392
2025-11-17 19:32:34,731,0.0000,1.9358,0.0000,0.0000,0.2778,2.2136
2025-11-17 19:32:43,742,0.0000,0.0000,0.0000,0.0000,0.2778,0.2778
2025-11-17 19:32:54,752,0.0000,6.4336,0.0000,0.0000,0.0000,6.4336
2025-11-17 19:33:05,763,0.0000,0.0000,0.0000,0.0000,0.2778,0.2778
2025-11-17 19:33:15,773,0.0000,5.1811,0.0000,0.0000,0.2778,5.4589
2025-11-17 19:33:25,783,0.0000,3.6325,0.0000,0.0000,0.2778,3.9103
2025-11-17 19:33:46,804,0.0000,0.0000,0.0000,0.0000,0.2778,0.2778
2025-11-17 19:33:57,815,0.0000,6.6917,0.0000,0.0000,0.0000,6.6917
2025-11-17 19:34:07,825,0.0000,0.0000,0.0000,0.0000,0.2778,0.2778
2025-11-17 19:34:17,836,0.0000,0.0000,0.0000,0.0000,0.2778,0.2778
2025-11-17 19:34:28,846,0.0000,0.1764,0.0000,0.0000,0.0000,0.1764
2025-11-17 19:34:38,856,0.0000,0.0000,0.0000,0.0000,0.2778,0.2778
2025-11-17 19:34:48,867,0.0000,3.2111,0.0000,0.0000,0.0000,3.2111
2025-11-17 19:34:59,877,0.0000,3.5617,0.0000,0.0000,0.2778,3.8394
2025-11-17 19:35:09,888,0.0000,0.6819,0.0000,0.0000,0.0000,0.6819
2025-11-17 19:35:25,904,0.0000,0.0000,0.0000,0.0000,0.2778,0.2778
2025-11-17 19:35:35,914,0.0000,0.0000,0.0000,0.0000,0.2778,0.2778
2025-11-17 19:35:46,924,0.0000,0.8472,0.0000,0.0000,0.2778,1.1250
2025-11-17 19:35:56,934,0.0000,0.8597,0.0000,0.0000,0.2778,1.1375
2025-11-17 19:36:07,945,0.0000,2.5375,0.0000,0.0000,0.2778,2.8153
2025-11-17 19:36:19,955,0.0000,2.7469,0.0000,0.0000,0.0000,2.7469
2025-11-17 19:36:35,973,0.0000,5.9133,0.0000,0.0000,0.0000,5.9133
2025-11-17 19:36:45,983,0.0000,0.3411,0.0000,0.0000,0.2778,0.6189
2025-11-17 19:36:57,994,0.0000,1.0236,0.0000,0.0000,0.2778,1.3014
2025-11-17 19:37:06,1004,0.0000,0.1761,0.0000,0.0000,0.0000,0.1761
2025-11-17 19:37:16,1014,0.0000,0.3411,0.0000,0.0000,0.2778,0.6189
2025-11-17 19:37:28,1026,0.0000,2.2281,0.0000,0.0000,0.0000,2.2281
2025-11-17 19:37:38,1036,0.0000,1.8842,0.0000,0.0000,0.2778,2.1619
2025-11-17 19:37:49,1047,0.0000,0.0000,0.0000,0.0000,0.2778,0.2778
2025-11-17 19:37:59,1057,0.0000,0.0000,0.0000,0.0000,0.2778,0.2778
2025-11-17 19:38:15,1074,0.0000,0.0000,0.0000,0.0000,0.2778,0.2778
2025-11-17 19:38:26,1084,0.0000,12.2653,0.0000,0.0000,0.2778,12.5431
2025-11-17 19:38:36,1095,0.0000,1.5428,0.0000,0.0000,0.0000,1.5428
2025-11-17 19:38:47,1105,0.0000,0.6831,0.0000,0.0000,0.2778,0.9608
2025-11-17 19:38:57,1115,0.0000,2.6769,0.0000,0.0000,0.2778,2.9547
2025-11-17 19:39:07,1126,0.0000,0.6828,0.0000,0.0000,0.2778,0.9606
2025-11-17 19:39:18,1136,0.0000,1.8161,0.0000,0.0000,0.2778,2.0939
2025-11-17 19:39:28,1146,0.0000,2.5719,0.0000,0.0000,0.2778,2.8497
2025-11-17 19:39:39,1157,0.0000,0.0000,0.0000,0.0000,0.2778,0.2778
2025-11-17 19:39:49,1167,0.0000,0.0000,0.0000,0.0000,0.2778,0.2778
2025-11-17 19:39:59,1178,0.0000,0.0000,0.0000,0.0000,0.2778,0.2778
2025-11-17 19:40:10,1188,0.0000,10.9272,0.0000,0.0000,0.2778,11.2050
2025-11-17 19:40:20,1198,0.0000,3.6567,0.0000,0.0000,0.0000,3.6567
2025-11-17 19:40:30,1209,0.0000,0.0000,0.0000,0.0000,0.2778,0.2778
2025-11-17 19:40:41,1219,0.0000,4.9583,0.0000,0.0000,0.0000,4.9583
2025-11-17 19:40:52,1230,0.0000,2.7672,0.0000,0.0000,0.0000,2.7672
2025-11-17 19:41:02,1240,0.0000,0.0000,0.0000,0.0000,0.2778,0.2778
2025-11-17 19:41:12,1251,0.0000,0.0000,0.0000,0.0000,0.2778,0.2778
2025-11-17 19:41:23,1261,0.0000,0.0000,0.0000,0.0000,0.2778,0.2778
2025-11-17 19:41:33,1271,0.0000,0.0000,0.0000,0.0000,0.2778,0.2778
2025-11-17 19:41:44,1282,0.0000,0.0000,0.0000,0.0000,0.2778,0.2778
2025-11-17 19:41:54,1292,0.0000,17.6947,0.0000,0.0000,0.2778,17.9725
2025-11-17 19:42:04,1302,0.0000,0.0000,0.0000,0.0000,0.2778,0.2778
2025-11-17 19:42:15,1313,0.0000,0.0000,0.0000,0.0000,0.2778,0.2778
2025-11-17 19:42:25,1323,0.0000,8.0014,0.0000,0.0000,0.2778,8.2792
2025-11-17 19:42:36,1333,0.0000,0.0000,0.0000,0.0000,0.2778,0.2778
2025-11-17 19:42:46,1343,0.0000,0.0000,0.0000,0.0000,0.2778,0.2778
2025-11-17 19:42:57,1355,0.0000,0.0000,0.0000,0.0000,0.2778,0.2778
2025-11-17 19:43:08,1365,0.0000,0.8481,0.0000,0.0000,0.2778,1.1258
2025-11-17 19:43:17,1375,0.0000,0.0000,0.0000,0.0000,0.2778,0.2778
2025-11-17 19:43:27,1385,0.0000,0.0000,0.0000,0.0000,0.2778,0.2778
2025-11-17 19:43:37,1395,0.0000,0.0000,0.0000,0.0000,0.2778,0.2778
2025-11-17 19:43:48,1406,0.0000,0.0000,0.0000,0.0000,0.2778,0.2778
2025-11-17 19:43:58,1416,0.0000,0.0000,0.0000,0.0000,0.2778,0.2778
2025-11-17 19:44:11,1429,0.0051,0.0000,0.0000,0.0000,0.0000,0.0051
2025-11-17 19:44:26,1444,0.0000,0.0000,0.0000,0.0000,0.2778,0.2778
2025-11-17 19:44:37,1454,0.0188,0.0000,0.0000,0.0000,0.2778,0.2965
2025-11-17 19:44:47,1465,0.0018,0.0000,0.0000,8.7097,0.2778,8.9892
2025-11-17 19:44:56,1475,0.0034,0.0000,0.0000,0.0000,0.2778,0.2812
2025-11-17 19:45:07,1485,0.0051,0.0000,0.0000,0.0000,0.2778,0.2828
2025-11-17 19:45:17,1495,0.0196,0.0000,0.0000,0.0000,0.2778,0.2974
2025-11-17 19:45:27,1506,0.0086,0.0000,0.0000,0.0000,0.0000,0.0086
2025-11-17 19:45:38,1516,0.0183,0.0000,0.0000,0.0000,0.0000,0.0183
2025-11-17 19:45:50,1528,0.0086,0.0000,0.0000,0.0000,0.0000,0.0086
2025-11-17 19:46:00,1538,0.0000,0.0000,0.0000,0.0000,0.2778,0.2778
2025-11-17 19:46:32,1570,0.0273,0.0000,0.0000,0.0000,0.0000,0.0273
2025-11-17 19:46:42,1580,0.0085,0.0000,0.0000,0.0000,0.0000,0.0085
2025-11-17 19:47:15,1613,0.0000,0.0000,0.0000,0.0000,0.2778,0.2778
2025-11-17 19:47:26,1624,0.0000,0.0000,0.0000,0.0000,0.2778,0.2778
2025-11-17 19:47:37,1635,0.0000,0.0000,0.0260,0.0000,0.2778,0.3038
2025-11-17 19:47:47,1645,0.0000,0.0000,0.1465,0.0000,0.2778,0.4242
2025-11-17 19:47:58,1656,0.0236,0.0000,0.1444,0.0000,0.0000,0.1680
2025-11-17 19:48:08,1666,0.0000,0.0000,0.1388,0.0000,0.0000,0.1388
2025-11-17 19:48:18,1676,0.0000,0.0000,0.1423,1.6505,0.0000,1.7928
2025-11-17 19:48:28,1686,0.0000,0.0000,0.1427,0.0000,0.2778,0.4205
2025-11-17 19:48:38,1696,0.0000,0.0000,0.1398,0.0000,0.2778,0.4176
2025-11-17 19:48:49,1707,0.0000,0.0000,0.1444,0.0000,0.0000,0.1444
2025-11-17 19:48:59,1717,0.0000,0.0000,0.1428,0.0000,0.2778,0.4206
2025-11-17 19:49:09,1727,0.0000,0.0000,0.1405,0.0000,0.2778,0.4182
2025-11-17 19:49:20,1737,0.0000,0.0000,0.1442,0.0000,0.0000,0.1442
2025-11-17 19:49:30,1748,0.0000,0.0000,0.1454,0.0000,0.0000,0.1454
2025-11-17 19:49:40,1758,0.0000,0.0000,0.1416,0.0000,0.2778,0.4194
2025-11-17 19:49:50,1769,0.0000,0.0000,0.1465,0.0000,0.2778,0.4243
2025-11-17 19:50:01,1779,0.0000,0.0000,0.1421,0.0000,0.2778,0.4199
2025-11-17 19:50:11,1789,0.0000,0.0000,0.1408,0.0000,0.2778,0.4186
2025-11-17 19:50:21,1799,0.0000,0.0000,0.1439,0.0000,0.2778,0.4217
2025-11-17 19:50:32,1810,0.0000,0.0000,0.1471,0.0000,0.0000,0.1471
2025-11-17 19:50:42,1820,0.0000,0.0000,0.1405,0.0000,0.0000,0.1405
2025-11-17 19:50:52,1830,0.0000,0.0000,0.1422,0.0000,0.0000,0.1422
2025-11-17 19:51:03,1841,0.0000,0.0000,0.1465,0.0000,0.2778,0.4243
2025-11-17 19:51:13,1851,0.0000,0.0000,0.1409,0.0000,0.2778,0.4187
2025-11-17 19:51:23,1861,0.0000,0.0000,0.1392,0.0000,0.2778,0.4170
2025-11-17 19:51:34,1872,0.0000,0.0000,0.1470,0.0000,0.2778,0.4247
2025-11-17 19:51:44,1882,0.0000,0.0000,0.1396,0.0000,0.2778,0.4174
2025-11-17 19:51:54,1892,0.0000,0.0000,0.1464,0.0000,0.2778,0.4242
2025-11-17 19:52:04,1902,0.0000,0.0000,0.1411,0.0000,0.2778,0.4189
2025-11-17 19:52:14,1912,0.0000,0.0000,0.1393,0.0000,0.2778,0.4171
2025-11-17 19:52:25,1923,0.0000,0.0000,0.1457,0.0000,0.0000,0.1457
2025-11-17 19:52:35,1933,0.0000,0.0000,0.1442,0.0000,0.2778,0.4219
2025-11-17 19:52:45,1944,0.0000,0.0000,0.1417,0.0000,0.2778,0.4195
2025-11-17 19:52:56,1954,0.0000,0.0000,0.1473,0.0000,0.2778,0.4251
2025-11-17 19:53:06,1964,0.0000,0.0000,0.1441,0.0000,0.2778,0.4219
2025-11-17 19:53:17,1975,0.0000,0.0000,0.1398,0.0000,0.2778,0.4176
2025-11-17 19:53:27,1985,0.0000,0.0000,0.1462,0.0000,0.0000,0.1462
2025-11-17 19:53:37,1995,0.0000,0.0000,0.1412,0.0000,0.0000,0.1412
2025-11-17 19:53:48,2006,0.0000,0.0000,0.1471,0.0000,0.0000,0.1471
2025-11-17 19:53:58,2016,0.0000,0.0000,0.1448,0.0000,0.0000,0.1448
2025-11-17 19:54:08,2027,0.0000,0.0000,0.1428,0.0000,0.0000,0.1428
2025-11-17 19:54:19,2037,0.0000,0.0000,0.1434,0.0000,0.0000,0.1434
2025-11-17 19:54:30,2047,0.0000,0.0000,0.1471,0.0000,0.0000,0.1471
2025-11-17 19:54:40,2058,0.0000,0.0000,0.1466,0.0000,0.0000,0.1466
2025-11-17 19:54:50,2069,0.0000,0.0000,0.1457,0.0000,0.0000,0.1457
2025-11-17 19:55:01,2079,0.0000,0.0000,0.1423,0.0000,0.2778,0.4201
2025-11-17 19:55:11,2089,0.0000,0.0000,0.1474,0.0000,0.2778,0.4252
2025-11-17 19:55:21,2100,0.0000,0.0000,0.1447,0.0000,0.2778,0.4225
2025-11-17 19:55:32,2110,0.0000,0.0000,0.1457,0.0000,0.2778,0.4235
2025-11-17 19:55:43,2120,0.0000,0.0000,0.1413,0.0000,0.2778,0.4191
2025-11-17 19:55:53,2131,0.0000,0.0000,0.1454,0.0000,0.2778,0.4232
2025-11-17 19:56:03,2141,0.0000,0.0000,0.1463,0.0000,0.2778,0.4241
2025-11-17 19:56:13,2152,0.0000,0.0000,0.1414,0.0000,0.2778,0.4192
2025-11-17 19:56:24,2162,0.0000,0.0000,0.1459,0.0000,0.2778,0.4237
2025-11-17 19:56:34,2172,0.0000,0.0000,0.1396,0.0000,0.2778,0.4174
2025-11-17 19:56:44,2183,0.0000,0.0000,0.1442,0.0000,0.2778,0.4220
2025-11-17 19:56:55,2193,0.0000,0.0000,0.1436,0.0000,0.2778,0.4214
2025-11-17 19:57:05,2203,0.0000,0.0000,0.1437,0.0000,0.0000,0.1437
2025-11-17 19:57:15,2214,0.0000,0.0000,0.1467,0.0000,0.2778,0.4245
2025-11-17 19:57:26,2224,0.0000,0.0000,0.1422,0.0000,0.2778,0.4200
2025-11-17 19:57:36,2234,0.0000,0.0000,0.1442,0.0000,0.2778,0.4220
2025-11-17 19:57:46,2245,0.0000,0.0000,0.1397,0.0000,0.0000,0.1397
2025-11-17 19:57:57,2255,0.0000,0.0000,0.1463,0.0000,0.2778,0.4241
2025-11-17 19:58:07,2265,1.6841,0.0000,0.0964,0.0000,0.2778,2.0583
2025-11-17 19:58:17,2275,0.0000,0.0000,0.0000,0.0000,0.2778,0.2778
2025-11-17 19:59:01,2319,0.0000,0.0000,0.0000,0.0000,0.2778,0.2778
2025-11-17 19:59:12,2330,0.0000,0.0000,0.0000,0.0000,0.2778,0.2778
2025-11-17 19:59:34,2352,0.0000,0.0000,0.0000,0.0000,0.2778,0.2778
2025-11-17 19:59:48,2366,0.0034,0.0000,0.0000,0.0000,0.0000,0.0034
2025-11-17 19:59:58,2376,0.0000,0.0000,0.0000,5.8014,0.0000,5.8014
2025-11-17 20:00:09,2387,0.0000,0.0000,0.0000,0.0000,0.2778,0.2778
2025-11-17 20:00:19,2397,0.0000,0.0000,0.0000,0.0000,0.2778,0.2778
2025-11-17 20:00:29,2408,0.0000,0.0000,0.0000,0.2539,0.2778,0.5317
2025-11-17 20:00:39,2418,0.0000,0.0000,0.0000,0.0000,0.2778,0.2778
2025-11-17 20:00:54,2432,0.0000,0.0000,0.0000,0.0000,0.2778,0.2778
2025-11-17 20:01:05,2444,0.0000,0.0000,0.0000,0.0000,0.2778,0.2778
2025-11-17 20:01:16,2454,0.0000,0.0000,0.0000,0.0000,0.2778,0.2778
2025-11-17 20:01:26,2464,0.0000,0.0000,0.0000,0.0000,0.2778,0.2778
2025-11-17 20:01:53,2491,0.0000,0.0000,0.0000,0.0000,0.2778,0.2778
2025-11-17 20:02:03,2501,0.0000,0.0000,0.0000,0.0000,0.2778,0.2778
2025-11-17 20:02:14,2511,0.0000,0.0000,0.0000,0.0000,0.2778,0.2778
2025-11-17 20:02:24,2522,0.0000,0.0000,0.0000,0.0000,0.2778,0.2778
2025-11-17 20:02:34,2532,0.0000,0.0000,0.0000,0.0000,0.2778,0.2778
2025-11-17 20:02:45,2542,0.0000,0.0000,0.0000,0.0000,0.2778,0.2778
2025-11-17 20:02:55,2553,0.0000,0.0000,0.0000,0.0000,0.2778,0.2778
2025-11-17 20:03:05,2563,0.0000,0.0000,0.0000,0.0000,0.2778,0.2778
2025-11-17 20:03:16,2574,0.0000,0.0000,0.0000,0.0000,0.2778,0.2778
2025-11-17 20:03:42,2601,0.0000,0.0000,0.0000,0.0000,0.2778,0.2778
2025-11-17 20:03:59,2617,0.0000,0.0000,0.0000,0.0000,0.2778,0.2778
2025-11-17 20:04:10,2628,0.0000,0.0000,0.0000,0.0000,0.2778,0.2778
2025-11-17 20:04:20,2638,0.0000,0.0000,0.0000,0.0000,0.2778,0.2778
2025-11-17 20:04:46,2664,0.0000,0.0000,0.0000,0.0000,0.2778,0.2778
2025-11-17 20:04:56,2674,0.0000,0.0000,0.0000,0.0000,0.2778,0.2778
2025-11-17 20:05:07,2685,0.0000,0.0000,0.0000,0.0000,0.2778,0.2778
2025-11-17 20:05:28,2707,0.0000,0.0000,0.0000,0.0000,0.2778,0.2778
2025-11-17 20:05:38,2717,0.0000,0.0000,0.0000,0.0000,0.2778,0.2778
2025-11-17 20:05:49,2727,0.0000,0.0000,0.0000,0.0000,0.2778,0.2778
2025-11-17 20:06:00,2737,0.0000,0.0000,0.0000,0.0000,0.2778,0.2778
2025-11-17 20:06:10,2748,0.0000,0.0000,0.0000,0.0000,0.2778,0.2778
2025-11-17 20:06:31,2770,0.0000,0.0000,0.0000,0.0000,0.2778,0.2778
2025-11-17 20:06:42,2780,0.0000,0.0000,0.0000,0.0000,0.2778,0.2778
2025-11-17 20:06:52,2790,0.0000,0.0000,0.0000,0.0000,0.2778,0.2778
2025-11-17 20:07:14,2812,0.0000,0.0000,0.0000,0.0000,0.2778,0.2778
2025-11-17 20:07:23,2822,0.0000,0.0000,0.0000,0.0000,0.2778,0.2778
2025-11-17 20:07:34,2832,0.0000,0.0000,0.0000,0.0000,0.2778,0.2778
2025-11-17 20:07:44,2842,0.0000,0.0000,0.0000,0.0000,0.2778,0.2778
2025-11-17 20:07:54,2853,0.0000,0.0000,0.0000,0.0000,0.2778,0.2778
2025-11-17 20:08:05,2863,0.0000,0.0000,0.0000,0.0000,0.2778,0.2778
2025-11-17 20:08:15,2873,0.0000,0.0000,0.0000,0.0000,0.2778,0.2778
2025-11-17 20:08:36,2895,0.0000,0.0000,0.0000,0.0000,0.2778,0.2778
2025-11-17 20:08:47,2906,0.0000,0.0000,0.0000,0.0000,0.2778,0.2778
2025-11-17 20:08:59,2917,0.0000,0.0000,0.0000,0.0000,0.2778,0.2778
2025-11-17 20:09:08,2927,0.0000,0.0000,0.0000,0.0000,0.2778,0.2778
2025-11-17 20:09:19,2937,0.0000,0.0000,0.0000,0.0000,0.2778,0.2778
2025-11-17 20:09:29,2947,0.0000,0.0000,0.0000,0.0000,0.2778,0.2778
2025-11-17 20:09:39,2958,0.0000,0.0000,0.0000,0.0000,0.2778,0.2778
2025-11-17 20:10:07,2985,0.0000,0.0000,0.0000,0.0000,0.2778,0.2778
2025-11-17 20:10:17,2995,0.0000,0.0000,0.0000,0.0000,0.2778,0.2778
2025-11-17 20:10:28,3005,0.0000,0.0000,0.0000,0.0000,0.2778,0.2778
2025-11-17 20:10:38,3015,0.0000,0.0000,0.0000,0.0000,0.2778,0.2778
2025-11-17 20:10:48,3026,0.0000,0.0000,0.0000,0.0000,0.2778,0.2778
2025-11-17 20:10:58,3036,0.0000,0.0000,0.0000,0.0000,0.2778,0.2778
2025-11-17 20:11:14,3052,0.0000,0.0000,0.0000,0.0000,0.2778,0.2778
2025-11-17 20:11:24,3063,0.0000,0.0000,0.0000,0.0000,0.2778,0.2778
2025-11-17 20:11:58,3096,0.0000,0.0000,0.0000,0.0000,0.2778,0.2778
2025-11-17 20:12:08,3106,0.0000,0.0000,0.0000,0.0000,0.2778,0.2778
2025-11-17 20:12:18,3116,0.0000,0.0000,0.0000,0.0000,0.2778,0.2778
2025-11-17 20:12:29,3127,0.0000,0.0000,0.0000,0.0000,0.2778,0.2778
2025-11-17 20:12:39,3137,0.0000,0.0000,0.0000,0.0000,0.2778,0.2778
2025-11-17 20:12:50,3148,0.0000,0.0000,0.0000,0.0000,0.2778,0.2778
2025-11-17 20:13:16,3175,0.0000,0.0000,0.0000,0.0000,0.2778,0.2778
2025-11-17 20:13:26,3185,0.0000,0.0000,0.0000,0.0000,0.2778,0.2778
2025-11-17 20:13:43,3199,0.0000,0.0000,0.0000,0.0000,0.2778,0.2778
2025-11-17 20:13:53,3211,0.0000,0.0000,0.0000,0.0000,0.2778,0.2778
2025-11-17 20:14:04,3222,0.0000,0.0000,0.0000,0.0000,0.2778,0.2778
2025-11-17 20:14:14,3232,0.0000,0.0000,0.0000,0.0000,0.2778,0.2778
2025-11-17 20:14:25,3243,0.0000,0.0000,0.0000,0.0000,0.2778,0.2778
2025-11-17 20:14:35,3253,0.0000,0.0000,0.0000,0.0000,0.2778,0.2778
2025-11-17 20:14:45,3263,0.0000,0.0000,0.0000,0.0000,0.2778,0.2778
2025-11-17 20:15:00,3279,0.0000,0.0000,0.0000,0.0000,0.2778,0.2778
2025-11-17 20:15:12,3289,0.0000,0.0000,0.0000,0.0000,0.2778,0.2778
2025-11-17 20:15:21,3299,0.0000,0.0000,0.0000,0.0000,0.2778,0.2778
2025-11-17 20:15:31,3309,0.0000,0.0000,0.0000,0.0000,0.2778,0.2778
2025-11-17 20:15:42,3320,0.0000,0.0000,0.0000,0.0000,0.2778,0.2778
2025-11-17 20:15:52,3330,0.0000,0.0000,0.0000,0.0000,0.2778,0.2778
2025-11-17 20:16:09,3347,0.0000,0.0000,0.0000,0.0000,0.2778,0.2778
2025-11-17 20:16:18,3357,0.0000,0.0000,0.0000,0.0000,0.2778,0.2778
2025-11-17 20:16:41,3378,0.0000,0.0000,0.0000,0.0000,0.2778,0.2778
2025-11-17 20:16:51,3389,0.0000,0.0000,0.0000,0.0000,0.2778,0.2778
2025-11-17 20:17:02,3400,0.0000,0.0000,0.0000,0.0000,0.2778,0.2778
2025-11-17 20:17:13,3411,0.0000,0.0000,0.0000,0.0000,0.2778,0.2778
2025-11-17 20:17:23,3422,0.0000,0.0000,0.0000,0.0000,0.2778,0.2778
2025-11-17 20:17:33,3432,0.0000,0.0000,0.0000,0.0000,0.2778,0.2778
2025-11-17 20:17:48,3446,0.0000,0.0000,0.0000,0.0000,0.2778,0.2778
2025-11-17 20:17:59,3457,0.0000,0.0000,0.0000,0.0000,0.2778,0.2778
2025-11-17 20:18:21,3479,0.0000,0.0000,0.0000,0.0000,0.2778,0.2778
2025-11-17 20:18:31,3489,0.0000,0.0000,0.0000,0.0000,0.2778,0.2778
2025-11-17 20:18:41,3500,0.0000,0.0000,0.0000,0.0000,0.2778,0.2778
2025-11-17 20:18:52,3510,0.0000,0.0000,0.0000,0.0000,0.2778,0.2778
2025-11-17 20:19:02,3521,0.0000,0.0000,0.0000,0.0000,0.2778,0.2778
2025-11-17 20:19:13,3531,0.0000,0.0000,0.0000,0.0000,0.2778,0.2778
2025-11-17 20:19:24,3541,0.0000,0.0000,0.0000,0.0000,0.2778,0.2778
2025-11-17 20:19:34,3552,0.0000,0.0000,0.0000,0.0000,0.2778,0.2778
2025-11-17 20:19:44,3562,0.0000,0.0000,0.0000,0.0000,0.2778,0.2778
2025-11-17 20:19:55,3573,0.0000,0.0000,0.0000,0.0000,0.2778,0.2778
2025-11-17 20:20:05,3584,0.0000,0.0000,0.0000,0.0000,0.2778,0.2778
2025-11-17 20:20:16,3594,0.0000,0.0000,0.0000,0.0000,0.2778,0.2778
2025-11-17 20:20:26,3604,0.0000,0.0000,0.0000,0.0000,0.2778,0.2778
2025-11-17 20:20:36,3614,0.0000,0.0000,0.0000,0.0000,0.2778,0.2778
2025-11-17 20:20:59,3636,0.0000,0.0000,0.0000,0.0000,0.2778,0.2778
2025-11-17 20:21:15,3653,0.0000,0.0000,0.0000,0.0000,0.2778,0.2778
2025-11-17 20:21:25,3663,0.0000,0.0000,0.0000,0.0000,0.2778,0.2778
2025-11-17 20:21:35,3673,0.0000,0.0000,0.0000,0.0000,0.2778,0.2778
2025-11-17 20:21:46,3684,0.0000,0.0000,0.0000,0.0000,0.2778,0.2778
2025-11-17 20:21:56,3694,0.0000,0.0000,0.0000,0.0000,0.2778,0.2778
2025-11-17 20:22:06,3705,0.0000,0.0000,0.0000,0.0000,0.2778,0.2778
2025-11-17 20:22:17,3715,0.0000,0.0000,0.0000,0.0000,0.2778,0.2778
2025-11-17 20:22:27,3725,0.0000,0.0000,0.0000,0.0000,0.2778,0.2778
2025-11-17 20:22:38,3736,0.0000,0.0000,0.0000,0.0000,0.2778,0.2778
2025-11-17 20:22:48,3746,0.0000,0.0000,0.0000,0.0000,0.2778,0.2778
2025-11-17 20:23:32,3790,0.0000,0.0000,0.0000,0.0000,0.2778,0.2778
2025-11-17 20:23:43,3801,0.0000,0.0000,0.0000,0.0000,0.2778,0.2778
2025-11-17 20:23:53,3811,0.0000,0.0000,0.0000,0.0000,0.2778,0.2778
2025-11-17 20:24:03,3822,0.0000,0.0000,0.0000,0.0000,0.2778,0.2778
2025-11-17 20:24:13,3832,0.0000,0.0000,0.0000,0.0000,0.2778,0.2778
2025-11-17 20:24:24,3842,0.0000,0.0000,0.0000,0.0000,0.2778,0.2778
2025-11-17 20:24:35,3853,0.0000,0.0000,0.0000,0.0000,0.2778,0.2778
2025-11-17 20:24:45,3863,0.0000,0.0000,0.0000,0.0000,0.2778,0.2778
2025-11-17 20:25:01,3880,0.0000,0.0000,0.0000,0.0000,0.2778,0.2778
2025-11-17 20:25:18,3896,0.0000,0.0000,0.0000,0.0000,0.2778,0.2778
2025-11-17 20:25:29,3907,0.0000,0.0000,0.0000,0.0000,0.2778,0.2778
2025-11-17 20:25:39,3918,0.0000,0.0000,0.0000,0.0000,0.2778,0.2778
2025-11-17 20:25:50,3928,0.0000,0.0000,0.0000,0.0000,0.2778,0.2778
2025-11-17 20:26:00,3938,0.0000,0.0000,0.0000,0.0000,0.2778,0.2778
2025-11-17 20:26:11,3949,0.0000,0.0000,0.0000,0.0000,0.2778,0.2778
2025-11-17 20:26:21,3959,0.0000,0.0000,0.0000,0.0000,0.2778,0.2778
2025-11-17 20:26:32,3969,0.0000,0.0000,0.0000,0.0000,0.2778,0.2778
2025-11-17 20:26:42,3980,0.0000,0.0000,0.0000,0.0000,0.2778,0.2778
2025-11-17 20:27:03,4001,0.0000,0.0000,0.0000,0.0000,0.2778,0.2778
2025-11-17 20:27:18,4017,0.0000,0.0000,0.0000,0.0000,0.2778,0.2778
2025-11-17 20:27:46,4044,0.0000,0.0000,0.0000,0.0000,0.2778,0.2778
2025-11-17 20:27:57,4055,0.0000,0.0000,0.0000,0.0000,0.2778,0.2778
2025-11-17 20:28:07,4066,0.0000,0.0000,0.0000,0.0000,0.2778,0.2778
2025-11-17 20:28:18,4076,0.0000,0.0000,0.0000,0.0000,0.2778,0.2778
2025-11-17 20:28:28,4086,0.0000,0.0000,0.0000,0.0000,0.2778,0.2778
2025-11-17 20:28:40,4097,0.0000,0.0000,0.0000,0.0000,0.2778,0.2778
2025-11-17 20:28:50,4108,0.0000,0.0000,0.0000,0.0000,0.2778,0.2778
2025-11-17 20:29:00,4118,0.0000,0.0000,0.0000,0.0000,0.2778,0.2778
2025-11-17 20:29:11,4129,0.0000,0.0000,0.0000,0.0000,0.2778,0.2778
2025-11-17 20:29:21,4139,0.0000,0.0000,0.0000,0.0000,0.2778,0.2778
2025-11-17 20:29:32,4150,0.0000,0.0000,0.0000,0.0000,0.2778,0.2778
2025-11-17 20:29:42,4161,0.0000,0.0000,0.0000,0.0000,0.2778,0.2778
2025-11-17 20:29:53,4171,0.0102,0.0000,0.0000,0.0000,0.2778,0.2880
2025-11-17 20:30:04,4181,0.0000,0.0000,0.0000,0.0000,0.2778,0.2778
2025-11-17 20:30:05,3990,0.0000,0.0000,0.0000,0.0000,0.2778,0.2778
2025-11-17 20:30:13,4191,0.0000,0.0000,0.0000,0.0000,0.2778,0.2778
2025-11-17 20:30:23,4202,0.0000,0.0000,0.0000,0.0000,0.2778,0.2778
2025-11-17 20:30:39,4217,0.0000,0.0000,0.0000,0.0000,0.2778,0.2778
2025-11-17 20:30:49,4227,0.0000,795.2105,0.0000,0.0000,0.0000,795.2105
2025-11-17 20:30:59,4238,0.0000,0.0000,0.0000,0.0000,0.2778,0.2778
2025-11-17 20:31:10,4248,0.0000,5.8228,0.0000,0.0000,0.2778,6.1006
2025-11-17 20:31:21,4258,0.0000,0.0000,0.0000,0.0000,0.2778,0.2778
2025-11-17 20:31:31,4269,0.0000,0.0000,0.0000,0.0000,0.2778,0.2778
2025-11-17 20:31:41,4279,0.0000,5.7869,0.0000,0.0000,0.2778,6.0647
2025-11-17 20:31:51,4289,0.0000,3.3447,0.0000,0.0000,0.2778,3.6225
2025-11-17 20:32:19,4316,0.0000,0.0000,0.0000,0.0000,0.2778,0.2778
2025-11-17 20:32:46,4344,0.0000,0.0000,0.0000,0.0000,0.2778,0.2778
2025-11-17 20:32:57,4354,0.0000,0.0000,0.0000,0.0000,0.2778,0.2778
2025-11-17 20:33:41,4399,0.0000,0.0000,0.0000,0.0000,0.2778,0.2778
2025-11-17 20:33:51,4410,0.0000,0.0000,0.0000,0.0000,0.2778,0.2778
2025-11-17 20:34:12,4430,0.0000,40.0092,0.0000,0.0000,0.0000,40.0092
2025-11-17 20:35:01,4478,0.0000,0.0000,0.0000,0.0000,0.2778,0.2778
2025-11-17 20:35:13,4489,0.0000,0.0000,0.0000,0.0000,0.2778,0.2778
2025-11-17 20:35:23,4499,0.0000,0.0000,0.0000,0.0000,0.2778,0.2778
2025-11-17 20:35:33,4511,0.0000,0.0000,0.0000,0.0000,0.2778,0.2778
2025-11-17 20:35:45,4522,0.0000,0.0000,0.0000,0.0000,0.2778,0.2778
2025-11-17 20:35:55,4532,0.0000,0.0000,0.0000,0.0000,0.2778,0.2778
2025-11-17 20:36:04,4542,0.0000,0.0000,0.0000,0.0000,0.2778,0.2778
2025-11-17 20:36:15,4554,0.0000,0.0000,0.0000,0.0000,0.2778,0.2778
2025-11-17 20:36:49,4586,0.0000,0.0000,0.0000,0.0000,0.2778,0.2778
2025-11-17 20:36:58,4597,0.0000,0.0000,0.0000,0.0000,0.2778,0.2778
2025-11-17 20:37:09,4607,0.0000,0.0000,0.0000,0.0000,0.2778,0.2778
2025-11-17 20:37:23,4621,0.0000,51.9864,0.0000,0.0000,0.0000,51.9864
2025-11-17 20:37:48,4644,0.0000,4.6253,0.0000,0.0000,0.0000,4.6253
2025-11-17 20:37:56,4654,0.0000,0.0000,0.0000,0.0000,0.2778,0.2778
2025-11-17 20:38:06,4664,0.0000,0.0000,0.0000,0.0000,0.2778,0.2778
2025-11-17 20:38:16,4674,0.0000,0.0000,0.0000,0.0000,0.2778,0.2778
2025-11-17 20:38:26,4684,0.0000,0.0000,0.0000,0.0000,0.2778,0.2778
2025-11-17 20:38:36,4694,0.0000,0.0000,0.0000,0.0000,0.2778,0.2778
2025-11-17 20:38:47,4705,0.0000,0.0000,0.0000,0.0000,0.2778,0.2778
2025-11-17 20:38:57,4715,0.0000,0.0000,0.0000,0.0000,0.2778,0.2778
2025-11-17 20:39:07,4725,0.0000,0.0000,0.0000,0.0000,0.2778,0.2778
2025-11-17 20:39:17,4735,0.0000,0.0000,0.0000,0.0000,0.2778,0.2778
2025-11-17 20:39:27,4746,0.0000,0.0000,0.0000,0.0000,0.2778,0.2778
2025-11-17 20:39:41,4756,0.0000,0.0000,0.0000,0.0000,0.2778,0.2778
2025-11-17 20:39:51,4766,0.0000,0.0000,0.0000,0.0000,0.2778,0.2778
2025-11-17 20:39:59,4777,0.0000,0.0000,0.0000,0.0000,0.2778,0.2778
2025-11-17 20:40:09,4787,0.0000,0.0000,0.0000,0.0000,0.2778,0.2778
2025-11-17 20:40:20,4798,0.0000,0.0000,0.0000,0.0000,0.2778,0.2778
2025-11-17 20:40:30,4808,0.0000,43.3908,0.0000,0.0000,0.2778,43.6686
2025-11-17 20:40:40,4818,0.0000,0.0000,0.0000,0.0000,0.2778,0.2778
2025-11-17 20:40:50,4829,0.0000,5.8817,0.0000,0.0000,0.2778,6.1594
2025-11-17 20:41:01,4839,0.0000,0.0000,0.0000,0.0000,0.2778,0.2778
2025-11-17 20:41:12,4850,0.0000,0.0000,0.0000,0.0000,0.2778,0.2778
2025-11-17 20:41:28,4866,0.0000,0.0000,0.0000,0.0000,0.2778,0.2778
2025-11-17 20:41:42,4877,0.0000,0.0000,0.0000,0.0000,0.2778,0.2778
2025-11-17 20:41:50,4887,0.0000,0.0000,0.0000,0.0000,0.2778,0.2778
2025-11-17 20:41:59,4898,0.0000,0.0000,0.0000,0.0000,0.2778,0.2778
2025-11-17 20:42:10,4908,0.0000,0.0000,0.0000,0.0000,0.2778,0.2778
2025-11-17 20:42:21,4918,0.0000,0.0000,0.0000,0.0000,0.2778,0.2778
2025-11-17 20:42:32,4929,0.0000,0.0000,0.0000,0.0000,0.2778,0.2778
2025-11-17 20:42:42,4940,0.0000,0.0000,0.0000,0.0000,0.2778,0.2778
2025-11-17 20:42:52,4951,0.0000,0.0000,0.0000,0.0000,0.2778,0.2778
2025-11-17 20:43:04,4961,0.0000,0.0000,0.0000,0.0000,0.2778,0.2778
2025-11-17 20:43:14,4971,0.0000,0.0000,0.0000,0.0000,0.2778,0.2778
2025-11-17 20:43:23,4981,0.0000,0.0000,0.0000,0.0000,0.2778,0.2778
2025-11-17 20:43:33,4992,0.0000,0.0000,0.0000,0.0000,0.2778,0.2778
2025-11-17 20:43:44,5002,0.0000,0.0000,0.0000,0.0000,0.2778,0.2778
2025-11-17 20:44:39,5056,0.0000,0.0000,0.0000,0.0000,0.2778,0.2778
2025-11-17 20:44:49,5067,0.0000,0.0000,0.0000,0.0000,0.2778,0.2778
2025-11-17 20:44:59,5077,0.0000,0.0000,0.0000,0.0000,0.2778,0.2778
2025-11-17 20:45:09,5087,0.0000,0.0000,0.0000,0.0000,0.2778,0.2778
2025-11-17 20:45:20,5098,0.0000,0.0000,0.0000,0.0000,0.2778,0.2778
2025-11-17 20:45:32,5108,0.0000,0.0000,0.0000,0.0000,0.2778,0.2778
2025-11-17 20:45:41,5119,0.0000,0.0000,0.0000,0.0000,0.2778,0.2778
2025-11-17 20:45:51,5129,0.0000,0.0000,0.0000,0.0000,0.2778,0.2778
2025-11-17 20:46:05,5140,0.0000,0.0000,0.0000,0.0000,0.2778,0.2778
2025-11-17 20:46:15,5153,0.0000,0.0000,0.0000,0.0000,0.2778,0.2778
2025-11-17 20:46:31,5169,0.0000,0.0000,0.0000,0.0000,0.2778,0.2778
2025-11-17 20:46:53,5191,0.0000,0.0000,0.0000,0.0000,0.2778,0.2778
2025-11-17 20:47:04,5201,0.0000,0.0000,0.0000,0.0000,0.2778,0.2778
2025-11-17 20:47:14,5212,0.0000,0.0000,0.0000,0.0000,0.2778,0.2778
2025-11-17 20:47:24,5222,0.0000,0.0000,0.0000,0.0000,0.2778,0.2778
2025-11-17 20:47:37,5232,0.0000,0.0000,0.0000,0.0000,0.2778,0.2778
2025-11-17 20:47:49,5243,0.0000,0.0000,0.0000,0.0000,0.2778,0.2778
2025-11-17 20:47:59,5257,0.0000,0.0000,0.0000,0.0000,0.2778,0.2778
2025-11-17 20:48:09,5267,0.0018,0.0000,0.0000,0.0000,0.0000,0.0018
2025-11-17 20:48:20,5278,0.0017,0.0000,0.0000,0.0000,0.2778,0.2794
2025-11-17 20:48:31,5289,0.0000,0.0000,0.0000,0.0000,0.2778,0.2778
2025-11-17 20:48:41,5299,0.0000,128.9311,0.0000,0.0000,0.2778,129.2089
2025-11-17 20:48:51,5309,0.0000,0.0000,0.0000,0.0000,0.2778,0.2778
2025-11-17 20:49:01,5319,0.0000,0.0000,0.0000,0.0000,0.2778,0.2778
2025-11-17 20:49:11,5330,0.0000,0.0000,0.0000,0.0000,0.2778,0.2778
2025-11-17 20:49:22,5340,0.0000,0.0000,0.0000,0.0000,0.2778,0.2778
2025-11-17 20:49:32,5350,0.0000,0.0000,0.0000,0.0000,0.2778,0.2778
2025-11-17 20:49:43,5361,0.0000,0.0000,0.0000,0.0000,0.2778,0.2778
2025-11-17 20:50:03,5382,0.0000,0.0000,0.0000,0.0000,0.2778,0.2778
2025-11-17 20:50:16,5392,0.0000,0.0000,0.0000,0.0000,0.2778,0.2778
2025-11-17 20:50:25,5403,0.0000,0.0000,0.0000,0.0000,0.2778,0.2778
2025-11-17 20:50:35,5413,0.0000,0.0000,0.0000,0.0000,0.2778,0.2778
2025-11-17 20:50:45,5423,0.0000,0.0000,0.0000,0.0000,0.2778,0.2778
2025-11-17 20:51:04,5442,0.0000,41.3511,0.0000,0.0000,0.0000,41.3511
2025-11-17 20:51:15,5453,0.0000,0.0000,0.0000,0.0000,0.2778,0.2778
2025-11-17 20:51:31,5469,0.0000,0.0000,0.0000,0.0000,0.2778,0.2778
2025-11-17 20:51:47,5485,0.0000,0.0000,0.0000,0.0000,0.2778,0.2778
2025-11-17 20:52:20,5518,0.0000,0.0000,0.0000,0.0000,0.2778,0.2778
2025-11-17 20:52:48,5546,0.0000,0.0000,0.0000,0.0000,0.2778,0.2778
2025-11-17 20:52:59,5557,0.0000,0.0000,0.0000,0.0000,0.2778,0.2778
2025-11-17 20:53:10,5568,0.0000,0.0000,0.0000,0.0000,0.2778,0.2778
2025-11-17 20:53:20,5578,0.0000,35.4997,0.0000,0.0000,0.2778,35.7775
2025-11-17 20:53:30,5588,0.0000,0.0000,0.0000,0.0000,0.2778,0.2778
2025-11-17 20:53:45,5599,0.0000,0.0000,0.0000,0.0000,0.2778,0.2778
2025-11-17 20:53:51,5609,0.0000,0.0000,0.0000,0.0000,0.2778,0.2778
2025-11-17 20:54:02,5620,0.0000,0.0000,0.0000,0.0000,0.2778,0.2778
2025-11-17 20:54:34,5652,0.0000,0.0000,0.0000,0.0000,0.2778,0.2778
2025-11-17 20:54:45,5663,0.0000,0.0000,0.0000,0.0000,0.2778,0.2778
2025-11-17 20:54:55,5673,0.0000,0.0000,0.0000,0.0000,0.2778,0.2778
2025-11-17 20:55:18,5695,0.0000,0.0000,0.0000,0.0000,0.2778,0.2778
2025-11-17 20:55:28,5706,0.0000,0.0000,0.0000,0.0000,0.2778,0.2778
2025-11-17 20:55:38,5716,0.0000,0.0000,0.0000,0.0000,0.2778,0.2778
2025-11-17 20:55:49,5727,0.0000,0.0000,0.0000,0.0000,0.2778,0.2778
2025-11-17 20:55:59,5737,0.0000,0.0000,0.0000,0.0000,0.2778,0.2778
2025-11-17 20:56:09,5747,0.0000,0.0000,0.0000,0.0000,0.2778,0.2778
2025-11-17 20:56:19,5757,0.0000,0.0000,0.0000,0.0000,0.2778,0.2778
2025-11-17 20:56:30,5768,0.0000,0.0000,0.0000,0.0000,0.2778,0.2778
2025-11-17 20:56:40,5778,0.0000,0.0000,0.0000,0.0000,0.2778,0.2778
2025-11-17 20:56:51,5788,0.0000,0.0000,0.0000,0.0000,0.2778,0.2778
2025-11-17 20:57:01,5799,0.0000,0.0000,0.0000,0.0000,0.2778,0.2778
2025-11-17 20:57:32,5830,0.0000,0.0000,0.0000,0.0000,0.2778,0.2778
2025-11-17 20:57:43,5841,0.0000,0.0000,0.0000,0.0000,0.2778,0.2778
2025-11-17 20:57:53,5851,0.0000,0.0000,0.0000,0.0000,0.2778,0.2778
2025-11-17 20:58:16,5874,0.0000,0.0000,0.0000,0.0000,0.2778,0.2778
2025-11-17 20:58:26,5884,0.0000,0.0000,0.0000,0.0000,0.2778,0.2778
2025-11-17 20:58:37,5894,0.0000,0.0000,0.0000,0.0000,0.2778,0.2778
2025-11-17 20:58:47,5905,0.0000,0.0000,0.0000,0.0000,0.2778,0.2778
2025-11-17 20:59:03,5921,0.0000,0.0000,0.0000,0.0000,0.2778,0.2778
2025-11-17 20:59:13,5931,0.0000,0.0000,0.0000,0.0000,0.2778,0.2778
2025-11-17 20:59:24,5942,0,0,0,0,0.2778,0.2778